date,actual,mean,naive,seasonal_naive_daily,seasonal_naive_weekly,drift,seasonal_mean_profile,sarimax_target_only,sarimax_calendar,sarimax,feature_model,feature_model_conditional,feature_model_one_step,foundation_model
2016-05-13 19:00:00,208.33333333333331,97.46163394267658,348.3333333333333,123.33333333333331,126.66666666666669,348.432667343944,126.47058823529412,217.41911628308094,219.8694513801064,220.9805055762818,176.7184600830078,147.8665771484375,197.2596893310547,147.57376098632812
2016-05-13 20:00:00,120.0,97.46163394267658,348.3333333333333,100.0,116.66666666666669,348.53200135455467,103.03921568627452,182.4459616891106,185.88268586455786,187.39417268661748,136.1607208251953,118.47453308105469,189.5613555908203,109.84117889404297
2016-05-13 21:00:00,63.333333333333336,97.46163394267658,348.3333333333333,71.66666666666667,71.66666666666667,348.63133536516534,87.25490196078431,131.87638919912868,136.27072617623787,140.57547246189426,91.4248275756836,92.63404846191406,132.10092163085938,77.57862854003906
2016-05-13 22:00:00,55.0,97.46163394267658,348.3333333333333,60.0,53.333333333333336,348.730669375776,66.5686274509804,105.09965624400385,110.3300513124436,115.58191049776131,86.23222351074219,65.3453140258789,64.66075134277344,62.91168212890625
2016-05-13 23:00:00,61.66666666666666,97.46163394267658,348.3333333333333,56.66666666666666,58.333333333333336,348.8300033863867,49.411764705882355,88.90722377907778,94.89799365590328,100.86188400011143,79.26050567626953,48.84653091430664,56.007389068603516,57.00767517089844
2016-05-14 00:00:00,58.333333333333336,97.46163394267658,348.3333333333333,55.0,51.66666666666666,348.92933739699737,48.627450980392155,79.17192772884346,76.72074896963852,80.34291484120726,63.646400451660156,106.73762512207031,61.52666473388672,55.3895149230957
2016-05-14 01:00:00,63.333333333333336,97.46163394267658,348.3333333333333,53.333333333333336,56.66666666666666,349.02867140760804,47.15686274509804,73.42638352582004,71.55169636922763,73.24114737698744,65.55245208740234,56.248924255371094,63.598297119140625,54.9869270324707
2016-05-14 02:00:00,60.0,97.46163394267658,348.3333333333333,58.333333333333336,53.333333333333336,349.1280054182187,46.27450980392157,68.36901268403584,66.98953603583604,67.65005437223994,68.9501953125,47.31248474121094,65.04444885253906,53.65080261230469
2016-05-14 03:00:00,60.0,97.46163394267658,348.3333333333333,58.333333333333336,55.0,349.2273394288294,46.96078431372548,63.917652042765354,62.95653649189131,63.947323042010694,63.69804763793945,53.197784423828125,63.96162796020508,53.60067367553711
2016-05-14 04:00:00,60.0,97.46163394267658,348.3333333333333,50.0,55.0,349.32667343944007,46.76470588235294,61.243193940213686,60.63109978956103,64.23366344039636,62.85265350341797,55.88885498046875,65.90290069580078,52.55177307128906
2016-05-14 05:00:00,56.66666666666666,97.46163394267658,348.3333333333333,58.333333333333336,51.66666666666666,349.4260074500508,45.49019607843137,68.21207449244326,67.87507209964845,72.11663637262407,64.71791076660156,70.80050659179688,69.60050201416016,53.18195343017578
2016-05-14 06:00:00,63.333333333333336,97.46163394267658,348.3333333333333,146.66666666666666,53.333333333333336,349.5253414606615,47.25490196078431,78.19182020848501,78.11326520152868,82.26007430695138,91.3111343383789,57.37184524536133,87.84469604492188,56.06193923950195
2016-05-14 07:00:00,113.33333333333331,97.46163394267658,348.3333333333333,176.66666666666666,148.33333333333334,349.62467547127216,66.17647058823529,105.08798478136444,105.17695243566865,109.88377897872627,104.39937591552734,174.3619842529297,124.6019058227539,84.46195220947266
2016-05-14 08:00:00,133.33333333333334,97.46163394267658,348.3333333333333,338.3333333333333,121.66666666666669,349.72400948188283,90.68627450980392,123.65387939476307,123.97104895148584,128.23438008228206,202.02157592773438,211.8480682373047,179.53634643554688,134.96331787109375
2016-05-14 09:00:00,118.33333333333331,97.46163394267658,348.3333333333333,93.33333333333331,153.33333333333334,349.8233434924935,110.0,108.62154411573792,109.05219606833374,112.78442271127962,164.38475036621094,184.4004669189453,165.67538452148438,171.62579345703125
2016-05-14 10:00:00,158.33333333333334,97.46163394267658,348.3333333333333,73.33333333333333,178.33333333333334,349.9226775031042,146.37254901960785,115.32057487365057,115.879866922454,119.74294856873256,208.5994110107422,187.37278747558594,166.91941833496094,195.5902099609375
2016-05-14 11:00:00,96.66666666666669,97.46163394267658,348.3333333333333,355.0,161.66666666666666,350.02201151371486,172.2549019607843,125.39326450122846,126.12729941706016,129.34329071908667,249.31015014648438,208.8980255126953,157.90200805664062,211.63235473632812
2016-05-14 12:00:00,116.66666666666669,97.46163394267658,348.3333333333333,301.6666666666667,86.66666666666667,350.12134552432553,145.58823529411765,117.15469743590728,117.92024856140051,123.64892521963372,189.45355224609375,214.4190673828125,127.74468231201172,188.67141723632812
2016-05-14 13:00:00,113.33333333333331,97.46163394267658,348.3333333333333,268.3333333333333,75.0,350.2206795349362,161.078431372549,110.37825233085499,111.22128285534131,117.97453931464185,223.3826904296875,190.58937072753906,134.49432373046875,170.93252563476562
2016-05-14 14:00:00,106.66666666666669,97.46163394267658,348.3333333333333,318.3333333333333,88.33333333333333,350.3200135455469,130.19607843137257,107.75829840191,108.63670274382153,114.29653202419593,186.9204559326172,168.8917999267578,138.7409210205078,140.74905395507812
2016-05-14 15:00:00,130.0,97.46163394267658,348.3333333333333,201.66666666666663,103.33333333333331,350.41934755615756,121.76470588235294,99.7854226885236,100.68088696448248,107.5165734710697,171.8282470703125,168.91358947753906,111.07630920410156,135.918212890625
2016-05-14 16:00:00,111.66666666666669,97.46163394267658,348.3333333333333,351.6666666666667,91.66666666666669,350.51868156676824,160.2941176470588,131.7976804242578,132.72860999985178,139.63505685984623,253.86541748046875,196.4224395751953,144.85940551757812,153.1941680908203
2016-05-14 17:00:00,241.66666666666663,97.46163394267658,348.3333333333333,231.66666666666663,83.33333333333333,350.6180155773789,161.47058823529412,183.87951770742853,184.72673374636952,192.4452174530831,194.2407989501953,213.1348419189453,166.6793670654297,166.54127502441406
2016-05-14 18:00:00,166.66666666666666,97.46163394267658,348.3333333333333,348.3333333333333,285.0,350.7173495879896,189.6078431372549,181.71991435290158,182.733384599313,191.27567508681275,230.1001434326172,203.17161560058594,198.12608337402344,151.49200439453125
2016-05-14 19:00:00,90.0,97.5279829863443,166.66666666666666,208.33333333333331,120.0,166.7041764640018,158.23529411764707,129.56779872474658,129.80560703469155,132.55370059270382,99.76385498046875,82.40303802490234,168.5736541748047,116.72003173828125
2016-05-14 20:00:00,86.66666666666667,97.5279829863443,166.66666666666666,120.0,86.66666666666667,166.7416862613369,108.13725490196077,111.26610766685256,111.64040171411575,113.66660373797689,105.0054931640625,93.36702728271484,124.5158920288086,98.38116455078125
2016-05-14 21:00:00,75.0,97.5279829863443,166.66666666666666,63.333333333333336,56.66666666666666,166.77919605867203,94.50980392156862,75.52872716848124,76.03306709237832,78.61605658148139,85.19123840332031,85.85285186767578,71.44367218017578,76.7830810546875
2016-05-14 22:00:00,61.66666666666666,97.5279829863443,166.66666666666666,55.0,58.333333333333336,166.81670585600716,81.66666666666666,61.723638072777945,62.30012364624028,64.01728128406228,72.30448150634766,80.16150665283203,68.26238250732422,65.49490356445312
2016-05-14 23:00:00,48.333333333333336,97.5279829863443,166.66666666666666,61.66666666666666,56.66666666666666,166.8542156533423,54.509803921568626,56.073754710299916,56.72075127409738,56.90946028281808,65.82601165771484,62.684410095214844,62.96526336669922,61.39547348022461
2016-05-15 00:00:00,53.333333333333336,97.5279829863443,166.66666666666666,58.333333333333336,58.333333333333336,166.8917254506774,49.2156862745098,53.806360871339066,55.98764391751841,55.50101662188406,54.838401794433594,59.54227828979492,60.02605438232422,59.92603302001953
2016-05-15 01:00:00,55.0,97.5279829863443,166.66666666666666,63.333333333333336,51.66666666666666,166.92923524801253,50.49019607843137,54.24317029879877,56.47197723301626,56.32345822216576,55.40351867675781,53.667545318603516,57.63640213012695,59.48017120361328
2016-05-15 02:00:00,51.66666666666666,97.5279829863443,166.66666666666666,60.0,55.0,166.96674504534766,48.33333333333333,53.39915398539793,55.66572037927058,55.59309591325294,55.40371322631836,54.99031448364258,57.434749603271484,59.19887924194336
2016-05-15 03:00:00,40.0,97.5279829863443,166.66666666666666,60.0,56.66666666666666,167.00425484268277,49.80392156862745,52.47015976136687,54.769270236385466,54.8668919659098,56.71491241455078,55.74288558959961,56.92579650878906,57.08510208129883
2016-05-15 04:00:00,51.66666666666666,97.5279829863443,166.66666666666666,60.0,50.0,167.0417646400179,49.607843137254896,52.65859805760541,54.98578163163073,55.62162033918082,55.20759582519531,54.758174896240234,58.756248474121094,56.863399505615234
2016-05-15 05:00:00,56.66666666666666,97.5279829863443,166.66666666666666,56.66666666666666,56.66666666666666,167.07927443735304,49.90196078431372,60.933229944874356,63.26368560551981,64.66492372074936,58.0413818359375,57.79241943359375,56.843204498291016,57.25381088256836
2016-05-15 06:00:00,51.66666666666666,97.5279829863443,166.66666666666666,63.333333333333336,50.0,167.11678423468817,47.35294117647059,70.59823908780665,72.93292565542066,73.84725491367155,60.68271255493164,56.59762191772461,75.44579315185547,60.767845153808594
2016-05-15 07:00:00,93.33333333333331,97.5279829863443,166.66666666666666,113.33333333333331,60.0,167.15429403202327,71.56862745098039,100.08381929454652,102.40609653937369,103.01643185838637,86.16041564941406,81.53634643554688,73.05679321289062,76.82202911376953
2016-05-15 08:00:00,118.33333333333331,97.5279829863443,166.66666666666666,133.33333333333334,183.33333333333331,167.1918038293584,128.72549019607845,116.6613314020185,119.00485644775014,121.40428352111984,125.61026000976562,122.73027038574219,160.80287170410156,101.62989044189453
2016-05-15 09:00:00,101.66666666666669,97.5279829863443,166.66666666666666,118.33333333333331,143.33333333333334,167.22931362669354,136.37254901960785,107.15423230079807,109.5732373897684,112.79418840636873,119.70243072509766,129.82614135742188,182.0808563232422,107.22823333740234
2016-05-15 10:00:00,108.33333333333331,97.5279829863443,166.66666666666666,158.33333333333334,135.0,167.26682342402864,135.68627450980392,117.07474820517155,119.53699326784132,122.39455072411408,127.63290405273438,132.99411010742188,147.69659423828125,105.56694030761719
2016-05-15 11:00:00,105.0,97.5279829863443,166.66666666666666,96.66666666666669,50.0,167.30433322136378,128.4313725490196,117.32622150657907,119.76313903540347,122.99433900485336,92.27499389648438,109.93738555908203,129.69322204589844,84.44709777832031
2016-05-15 12:00:00,96.66666666666669,97.5279829863443,166.66666666666666,116.66666666666669,56.66666666666666,167.3418430186989,114.50980392156862,112.15211258784736,114.57807808876574,118.63854963473989,90.3410415649414,117.15939331054688,111.96257781982422,79.91912841796875
2016-05-15 13:00:00,136.66666666666666,97.5279829863443,166.66666666666666,113.33333333333331,56.66666666666666,167.37935281603404,107.6470588235294,106.40259458581815,108.86211103404129,112.2994125462359,69.07820892333984,98.20294189453125,94.96333312988281,76.20558166503906
2016-05-15 14:00:00,88.33333333333333,97.5279829863443,166.66666666666666,106.66666666666669,56.66666666666666,167.41686261336915,85.88235294117646,102.61861777440208,105.05055904140636,106.91192439895968,76.392822265625,106.68311309814453,112.84235382080078,78.92987823486328
2016-05-15 15:00:00,93.33333333333331,97.5279829863443,166.66666666666666,130.0,50.0,167.45437241070428,80.88235294117646,99.06073539049054,101.52220186196038,101.94187305894235,71.49755096435547,108.2028579711914,126.03112030029297,79.25611877441406
2016-05-15 16:00:00,143.33333333333334,97.5279829863443,166.66666666666666,111.66666666666669,55.0,167.4918822080394,98.43137254901961,125.52064472172233,127.93603144015798,127.30747946394058,86.57310485839844,124.59984588623047,159.95860290527344,94.17613983154297
2016-05-15 17:00:00,236.66666666666663,97.5279829863443,166.66666666666666,241.66666666666663,56.66666666666666,167.52939200537452,138.13725490196077,186.24500192444265,188.63779283746123,189.02937970680426,102.4990005493164,140.94757080078125,232.2252655029297,150.0543212890625
2016-05-15 18:00:00,98.33333333333331,97.5279829863443,166.66666666666666,166.66666666666666,50.0,167.56690180270965,179.50980392156862,177.03964645314403,179.51645177563873,183.28955791099017,111.52310943603516,148.22518920898438,239.51441955566406,139.3553009033203
2016-05-15 19:00:00,96.66666666666669,97.46169220519654,98.33333333333331,90.0,60.0,98.34777296456734,135.0,100.97813911578623,101.89990333353107,105.4135447847205,99.51216125488281,111.80828857421875,134.35414123535156,99.7229995727539
2016-05-15 20:00:00,246.66666666666663,97.46169220519654,98.33333333333331,86.66666666666667,78.33333333333333,98.36221259580138,124.11764705882354,90.65124576649488,92.1213398532779,93.81424785079128,93.80497741699219,105.2703857421875,107.17372131347656,89.37841796875
2016-05-15 21:00:00,203.33333333333331,97.46169220519654,98.33333333333331,75.0,63.333333333333336,98.37665222703541,107.15686274509804,61.174312759664296,63.03153187369939,60.72317292749379,75.13822174072266,83.23635864257812,109.43378448486328,70.57977294921875
2016-05-15 22:00:00,86.66666666666667,97.46169220519654,98.33333333333331,61.66666666666666,58.333333333333336,98.39109185826945,72.45098039215686,50.60100166622351,52.680264774261815,47.694473164914726,62.01404571533203,56.32696533203125,106.35968780517578,61.0228157043457
2016-05-15 23:00:00,83.33333333333333,97.46169220519654,98.33333333333331,48.333333333333336,53.333333333333336,98.40553148950347,54.411764705882355,46.76698379649607,48.99806062497734,43.46055692203912,58.47843933105469,60.59553146362305,80.74979400634766,57.57887649536133
2016-05-16 00:00:00,61.66666666666666,97.46169220519654,98.33333333333331,53.333333333333336,55.0,98.41997112073751,52.94117647058823,46.96252871160852,59.17827083397327,53.448526600058955,58.593013763427734,52.40894317626953,74.2185287475586,56.49403381347656
2016-05-16 01:00:00,53.333333333333336,97.46169220519654,98.33333333333331,55.0,58.333333333333336,98.43441075197154,52.745098039215684,48.91062999423564,61.18994815697139,55.29299935922476,59.54673385620117,58.871952056884766,59.99038314819336,56.245784759521484
2016-05-16 02:00:00,56.66666666666666,97.46169220519654,98.33333333333331,51.66666666666666,55.0,98.44885038320558,50.19607843137254,49.141499055160274,61.45941643625937,55.50366974009479,59.29915237426758,56.29506301879883,56.1766242980957,55.37974166870117
2016-05-16 03:00:00,53.333333333333336,97.46169220519654,98.33333333333331,40.0,53.333333333333336,98.46329001443961,49.90196078431372,48.42316883618996,60.761375278461315,55.20345207745914,57.8088493347168,62.77726364135742,54.72336959838867,53.96634292602539
2016-05-16 04:00:00,55.0,97.46169220519654,98.33333333333331,51.66666666666666,56.66666666666666,98.47772964567365,50.19607843137254,50.04936969443112,62.402624873776254,57.15058924887332,59.11207962036133,61.10484313964844,55.2648811340332,54.10349655151367
2016-05-16 05:00:00,51.66666666666666,97.46169220519654,98.33333333333331,56.66666666666666,65.0,98.49216927690767,54.31372549019608,58.903371698381655,71.24665876916801,65.15497880663389,70.4356460571289,53.399925231933594,60.39307403564453,60.38613510131836
2016-05-16 06:00:00,53.333333333333336,97.46169220519654,98.33333333333331,51.66666666666666,55.0,98.50660890814171,56.1764705882353,68.120068828916,80.44825676109039,73.83415090381358,74.35652923583984,50.883121490478516,57.916202545166016,61.757362365722656
2016-05-16 07:00:00,61.66666666666666,97.46169220519654,98.33333333333331,93.33333333333331,56.66666666666666,98.52104853937574,72.84313725490196,98.27474029223522,110.56899595746573,105.63743108690007,104.185791015625,86.40188598632812,69.80677032470703,70.19522857666016
2016-05-16 08:00:00,88.33333333333333,97.46169220519654,98.33333333333331,118.33333333333331,61.66666666666666,98.53548817060978,96.86274509803921,115.5665451676472,127.86591737426343,124.89687820775434,96.28067779541016,110.97444915771484,87.76062774658203,69.39523315429688
2016-05-16 09:00:00,70.0,97.46169220519654,98.33333333333331,101.66666666666669,66.66666666666667,98.54992780184381,100.0,105.91347870315882,118.27171953429603,116.82167615031668,106.79906463623047,111.50895690917969,107.4826431274414,63.76286697387695
2016-05-16 10:00:00,148.33333333333334,97.46169220519654,98.33333333333331,108.33333333333331,55.0,98.56436743307785,157.94117647058823,115.14722674008692,127.52274814749047,127.26161689046204,116.98954772949219,124.72296142578125,137.9698486328125,65.59306335449219
2016-05-16 11:00:00,103.33333333333331,97.46169220519654,98.33333333333331,105.0,61.66666666666666,98.57880706431187,190.0,116.58307186740319,128.94582691883983,128.94655536715834,118.89434814453125,128.95228576660156,133.36575317382812,66.9059829711914
2016-05-16 12:00:00,206.66666666666663,97.46169220519654,98.33333333333331,96.66666666666669,135.0,98.59324669554591,156.9607843137255,110.77053173293405,123.10371172258807,123.27164476287922,121.12469482421875,167.8184051513672,196.69223022460938,68.91455841064453
2016-05-16 13:00:00,266.6666666666667,97.46169220519654,98.33333333333331,136.66666666666666,173.33333333333334,98.60768632677994,179.9019607843137,107.9456507966359,120.31124416164563,120.0076284205358,112.81986236572266,119.9651870727539,111.565673828125,71.10006713867188
2016-05-16 14:00:00,88.33333333333333,97.46169220519654,98.33333333333331,88.33333333333333,88.33333333333333,98.62212595801398,160.39215686274508,101.4453788622804,113.77042831481964,112.99349467563908,109.129638671875,113.61859130859375,182.38897705078125,72.98173522949219
2016-05-16 15:00:00,111.66666666666669,97.46169220519654,98.33333333333331,93.33333333333331,70.0,98.63656558924801,174.7058823529412,97.90927206469144,110.24889912526776,109.78201676745732,103.99012756347656,108.96786499023438,146.90403747558594,74.2935791015625
2016-05-16 16:00:00,88.33333333333333,97.46169220519654,98.33333333333331,143.33333333333334,78.33333333333333,98.65100522048205,147.35294117647058,126.83423793991453,139.14641165433724,137.06340353445674,131.2394256591797,124.72661590576172,129.7584228515625,88.75456237792969
2016-05-16 17:00:00,243.33333333333331,97.46169220519654,98.33333333333331,236.66666666666663,268.3333333333333,98.66544485171607,176.66666666666666,188.20415347705784,200.47173766652332,195.25893084379493,237.80731201171875,186.15933227539062,139.4799346923828,173.53147888183594
2016-05-16 18:00:00,155.0,97.46169220519654,98.33333333333331,98.33333333333331,120.0,98.67988448295011,194.62962962962962,172.19261129821285,184.5367344627442,178.37785702924663,188.8048553466797,168.78878784179688,154.98866271972656,129.75511169433594
2016-05-16 19:00:00,115.0,97.5919806124697,155.0,96.66666666666669,110.0,155.03305785123968,147.87037037037035,122.1804462989139,126.76696870232344,123.40042103854084,110.66646575927734,129.94888305664062,124.41963195800781,118.75691986083984
2016-05-16 20:00:00,96.66666666666669,97.5919806124697,155.0,246.66666666666663,95.0,155.06611570247935,154.25925925925924,117.05778632096238,123.49834402539696,120.2455759774395,102.93299102783203,104.94511413574219,135.9283905029297,105.08761596679688
2016-05-16 21:00:00,68.33333333333333,97.5919806124697,155.0,203.33333333333331,71.66666666666667,155.099173553719,103.51851851851852,82.59358212167066,90.42979545505663,88.59432071610131,73.4884033203125,77.14945983886719,95.43238067626953,75.09043884277344
2016-05-16 22:00:00,46.66666666666666,97.5919806124697,155.0,86.66666666666667,71.66666666666667,155.13223140495867,78.51851851851852,62.45401268539767,71.30488005788933,69.04021413566839,59.488101959228516,59.91342544555664,71.85169982910156,63.56753158569336
2016-05-16 23:00:00,60.0,97.5919806124697,155.0,83.33333333333333,60.0,155.16528925619835,63.79629629629629,56.622437825000446,66.2744652223194,64.46262846984357,55.52619934082031,56.97764205932617,80.3174819946289,58.610313415527344
2016-05-17 00:00:00,50.0,97.5919806124697,155.0,61.66666666666666,51.66666666666666,155.19834710743802,67.87037037037037,53.60732509979951,46.049127947379844,45.50280663542657,54.85435485839844,69.7162094116211,57.2424201965332,56.253562927246094
2016-05-17 01:00:00,55.0,97.5919806124697,155.0,53.333333333333336,55.0,155.23140495867767,56.2962962962963,53.57854287803131,46.4889318624906,45.627125701401766,56.43299102783203,62.80154037475586,59.45536804199219,54.60169219970703
2016-05-17 02:00:00,51.66666666666666,97.5919806124697,155.0,56.66666666666666,56.66666666666666,155.26446280991735,48.611111111111114,53.05398783586057,46.327444039792724,45.09862680325155,56.22523498535156,64.76201629638672,55.1227912902832,55.2572021484375
2016-05-17 03:00:00,53.333333333333336,97.5919806124697,155.0,53.333333333333336,56.66666666666666,155.29752066115702,46.388888888888886,51.60533726620533,45.158117404753504,43.93929541574443,56.54486846923828,72.2891616821289,57.44072341918945,53.3371696472168
2016-05-17 04:00:00,53.333333333333336,97.5919806124697,155.0,55.0,50.0,155.3305785123967,48.333333333333336,52.410967930394264,46.17701722362303,44.25972409661573,59.111366271972656,72.25333404541016,54.08395004272461,53.521114349365234
2016-05-17 05:00:00,58.333333333333336,97.5919806124697,155.0,51.66666666666666,71.66666666666667,155.36363636363637,57.31481481481481,60.09800912905351,54.01349925485991,52.092170953017714,70.9428939819336,79.1166000366211,59.7042121887207,62.14412307739258
2016-05-17 06:00:00,56.66666666666666,97.5919806124697,155.0,53.333333333333336,63.333333333333336,155.39669421487602,51.75925925925926,68.76702161187933,62.79803367695322,61.56871946849961,73.86139678955078,75.69306182861328,64.28134155273438,64.82903289794922
2016-05-17 07:00:00,65.0,97.5919806124697,155.0,61.66666666666666,60.0,155.4297520661157,78.88888888888889,97.01194593318417,91.10145371681668,90.85161799894495,91.4205093383789,121.0188217163086,79.77091979980469,69.75469207763672
2016-05-17 08:00:00,56.66666666666666,97.5919806124697,155.0,88.33333333333333,56.66666666666666,155.46280991735537,90.83333333333333,114.51964138021816,108.69144004918745,108.8826217693143,99.21102142333984,132.1171417236328,101.24565887451172,66.38312530517578
2016-05-17 09:00:00,51.66666666666666,97.5919806124697,155.0,70.0,55.0,155.49586776859505,77.31481481481482,104.29342607610255,98.58424753210048,98.76108879755718,80.32752990722656,134.816650390625,74.7249526977539,57.88397216796875
2016-05-17 10:00:00,53.333333333333336,97.5919806124697,155.0,148.33333333333334,53.333333333333336,155.52892561983472,91.20370370370371,117.84018540058156,112.2105985456108,112.83736108119137,75.8678207397461,126.75846099853516,78.97159576416016,58.44460678100586
2016-05-17 11:00:00,51.66666666666666,97.5919806124697,155.0,103.33333333333331,56.66666666666666,155.56198347107437,75.46296296296296,116.32548444892684,110.71460492998355,111.9324200457109,60.68121337890625,125.90480041503906,72.32965087890625,57.87386703491211
2016-05-17 12:00:00,53.333333333333336,97.5919806124697,155.0,206.66666666666663,58.333333333333336,155.59504132231405,97.96296296296296,117.42141484249333,111.83451801783889,111.98650378788923,60.52152633666992,113.50647735595703,70.81685638427734,60.40736389160156
2016-05-17 13:00:00,41.66666666666666,97.5919806124697,155.0,266.6666666666667,53.333333333333336,155.62809917355372,104.16666666666667,117.63074205903791,112.09493629662822,112.67132125616024,46.8103141784668,131.6061248779297,82.16500854492188,62.37798309326172
2016-05-17 14:00:00,53.333333333333336,97.5919806124697,155.0,88.33333333333333,53.333333333333336,155.6611570247934,70.46296296296296,101.04443247167086,95.47028167849966,99.43189953446064,51.580692291259766,103.20166015625,65.04723358154297,62.01515579223633
2016-05-17 15:00:00,51.66666666666666,97.5919806124697,155.0,111.66666666666669,56.66666666666666,155.69421487603304,73.79629629629629,99.00063484857564,93.45710187589941,98.78364469689765,52.6100959777832,108.70651245117188,70.54624938964844,62.26097106933594
2016-05-17 16:00:00,66.66666666666667,97.5919806124697,155.0,88.33333333333333,63.333333333333336,155.72727272727272,80.0,124.13699668954806,118.56061185883412,124.06065694706568,83.23350524902344,123.128173828125,70.82015228271484,79.1341781616211
2016-05-17 17:00:00,153.33333333333334,97.5919806124697,155.0,243.33333333333331,126.66666666666669,155.7603305785124,162.59259259259258,190.76406740520827,185.1604129729348,190.21607664921657,188.62628173828125,194.2640838623047,148.08941650390625,181.07896423339844
2016-05-17 18:00:00,100.0,97.5919806124697,155.0,155.0,101.66666666666669,155.79338842975207,200.83333333333334,172.70298462151058,167.2107744145594,171.58137493924752,164.02316284179688,188.83486938476562,185.87161254882812,144.22781372070312
2016-05-17 19:00:00,123.33333333333331,97.33661202185793,100.0,115.0,105.0,100.0147589373565,158.88888888888889,83.28122123235205,81.72684993556844,81.94150491237087,122.49853515625,133.0608673095703,127.04004669189453,102.59524536132812
2016-05-17 20:00:00,118.33333333333331,97.33661202185793,100.0,96.66666666666669,95.0,100.02951787471302,147.5,82.93956497750064,80.74984574069941,79.77075085191211,109.51240539550781,93.56167602539062,86.54491424560547,90.69403839111328
2016-05-17 21:00:00,65.0,97.33661202185793,100.0,68.33333333333333,68.33333333333333,100.04427681206953,92.77777777777777,55.9009687344888,53.18123024972405,51.76628913415349,60.45124435424805,62.974517822265625,76.75422668457031,63.80862808227539
2016-05-17 22:00:00,46.66666666666666,97.33661202185793,100.0,46.66666666666666,58.333333333333336,100.05903574942604,62.77777777777778,42.977291989545016,39.77726458301678,38.111732879776376,52.48193359375,59.62352752685547,64.39710235595703,56.00788879394531
2016-05-17 23:00:00,55.0,97.33661202185793,100.0,60.0,56.66666666666666,100.07379468678255,65.0,42.3986751471892,38.7876167094338,35.81088038260109,49.13522720336914,53.5280876159668,61.74324035644531,53.72856521606445
2016-05-18 00:00:00,51.66666666666666,97.33661202185793,100.0,50.0,51.66666666666666,100.08855362413907,52.03703703703704,42.48814430156776,30.46747931729637,28.25271303921611,53.6524772644043,61.027854919433594,59.567115783691406,53.46988296508789
2016-05-18 01:00:00,53.333333333333336,97.33661202185793,100.0,55.0,56.66666666666666,100.10331256149557,52.5,45.39200088124813,33.081651361024,31.585737163658933,54.271541595458984,55.69879150390625,58.71596908569336,53.309906005859375
2016-05-18 02:00:00,55.0,97.33661202185793,100.0,51.66666666666666,56.66666666666666,100.11807149885209,48.79629629629629,46.49256288176318,33.94005645880847,33.28772124179041,54.37221908569336,47.01823043823242,51.87226486206055,53.319087982177734
2016-05-18 03:00:00,51.66666666666666,97.33661202185793,100.0,53.333333333333336,53.333333333333336,100.1328304362086,48.24074074074073,46.736868203935245,33.988098243620826,32.712274071750414,54.63429641723633,47.640464782714844,56.63070297241211,51.611541748046875
2016-05-18 04:00:00,51.66666666666666,97.33661202185793,100.0,53.333333333333336,51.66666666666666,100.1475893735651,51.85185185185185,48.597712775507915,35.68509135437043,33.8788245722111,57.73854446411133,72.1762924194336,54.57221984863281,51.81675338745117
2016-05-18 05:00:00,65.0,97.33661202185793,100.0,58.333333333333336,68.33333333333333,100.16234831092162,54.53703703703704,57.21339562423948,44.15707641092723,41.678613691716606,70.5302734375,66.38228607177734,68.43474578857422,59.01005172729492
2016-05-18 06:00:00,70.0,97.33661202185793,100.0,56.66666666666666,110.0,100.17710724827812,74.9074074074074,66.04342620869463,52.86912966820286,50.154431023980194,97.57115173339844,78.30475616455078,70.82087707519531,69.93234252929688
2016-05-18 07:00:00,53.333333333333336,97.33661202185793,100.0,65.0,76.66666666666667,100.19186618563464,73.61111111111111,93.95870014817574,80.66313529999479,79.20385117367395,81.27186584472656,105.86412811279297,100.1002426147461,73.17615509033203
2016-05-18 08:00:00,61.66666666666666,97.33661202185793,100.0,56.66666666666666,161.66666666666666,100.20662512299114,116.38888888888889,110.03348286970203,96.6658042832403,97.13103131859137,93.31656646728516,67.83618927001953,76.92427062988281,72.21937561035156
2016-05-18 09:00:00,65.0,97.33661202185793,100.0,51.66666666666666,65.0,100.22138406034766,120.55555555555556,100.6182915898473,87.25636478328039,87.83082951228812,74.72551727294922,74.86046600341797,74.46517944335938,63.879737854003906
2016-05-18 10:00:00,58.333333333333336,97.33661202185793,100.0,53.333333333333336,63.333333333333336,100.23614299770416,96.66666666666667,112.29280794802861,98.89245051053436,100.01328569386533,65.91516876220703,62.84083938598633,75.83155822753906,63.558013916015625
2016-05-18 11:00:00,70.0,97.33661202185793,100.0,51.66666666666666,55.0,100.25090193506068,77.5925925925926,111.86350095389588,98.42757678007169,102.13842472195573,54.31638717651367,69.3915023803711,58.41653060913086,61.00764465332031
2016-05-18 12:00:00,56.66666666666666,97.33661202185793,100.0,53.333333333333336,56.66666666666666,100.26566087241719,73.51851851851852,110.99762678012874,97.49228585857695,101.51985630265281,39.88496398925781,81.0757064819336,81.48371124267578,61.58868408203125
2016-05-18 13:00:00,86.66666666666667,97.33661202185793,100.0,41.66666666666666,73.33333333333333,100.28041980977369,81.01851851851852,109.31078737068032,95.78695606619326,100.28682536218375,41.60491943359375,59.885780334472656,61.07537841796875,65.23180389404297
2016-05-18 14:00:00,81.66666666666667,97.33661202185793,100.0,53.333333333333336,80.0,100.29517874713021,108.42592592592592,97.99092695681762,84.46193998715071,90.97953875072304,50.44037628173828,66.80986785888672,83.61555480957031,68.353759765625
2016-05-18 15:00:00,83.33333333333333,97.33661202185793,100.0,51.66666666666666,76.66666666666667,100.30993768448671,90.27777777777777,95.50546249109757,81.9699628751911,87.17613565157274,52.644474029541016,78.88324737548828,85.16793823242188,68.7909164428711
2016-05-18 16:00:00,105.0,97.33661202185793,100.0,66.66666666666667,75.0,100.32469662184323,103.24074074074073,121.06353726987574,107.49170811432948,111.53172127779817,64.45770263671875,102.43579864501953,88.5863265991211,79.11310577392578
2016-05-18 17:00:00,118.33333333333331,97.33661202185793,100.0,153.33333333333334,91.66666666666669,100.33945555919973,134.81481481481484,187.15248346330475,173.5094372911025,179.7311797347688,138.13845825195312,147.95993041992188,161.73379516601562,139.10513305664062
2016-05-18 18:00:00,178.33333333333334,97.33661202185793,100.0,100.0,101.66666666666669,100.35421449655625,203.05555555555554,168.35240535942071,154.822368092551,161.85898094360323,133.4121856689453,199.0992889404297,168.12535095214844,131.81179809570312
2016-05-18 19:00:00,143.33333333333334,97.17035350249402,178.33333333333334,123.33333333333331,95.0,178.37346783816034,151.48148148148147,114.32491072270172,109.45883931332268,110.17969009930667,102.7406234741211,128.9169464111328,150.59292602539062,116.8238525390625
2016-05-18 20:00:00,223.33333333333331,97.17035350249402,178.33333333333334,118.33333333333331,85.0,178.41360234298733,132.77777777777777,107.42874340105156,100.54922527221429,100.34048161251607,103.29495239257812,111.48465728759766,126.33970642089844,97.71582794189453
2016-05-18 21:00:00,81.66666666666667,97.17035350249402,178.33333333333334,65.0,61.66666666666666,178.4537368478143,106.11111111111111,73.6212755960338,65.20767321842412,64.49953705514324,71.82605743408203,96.96894073486328,108.89010620117188,65.49044799804688
2016-05-18 22:00:00,51.66666666666666,97.17035350249402,178.33333333333334,46.66666666666666,55.0,178.4938713526413,70.55555555555556,56.57756696972014,46.968724996041985,44.49276975225547,67.15521240234375,60.23529815673828,73.62887573242188,57.002742767333984
2016-05-18 23:00:00,56.66666666666666,97.17035350249402,178.33333333333334,55.0,56.66666666666666,178.5340058574683,53.7037037037037,53.21519352287704,42.67929255822441,39.86117984148848,60.57776641845703,58.357025146484375,67.83023834228516,55.520843505859375
2016-05-19 00:00:00,51.66666666666666,97.17035350249402,178.33333333333334,51.66666666666666,56.66666666666666,178.57414036229528,48.888888888888886,50.93578361560029,46.74742821728634,45.4870321323215,51.65593338012695,59.189815521240234,53.770057678222656,54.27220153808594
2016-05-19 01:00:00,51.66666666666666,97.17035350249402,178.33333333333334,53.333333333333336,56.66666666666666,178.61427486712225,48.98148148148148,51.89202227972126,47.155498031277254,45.81841777763949,54.50617980957031,61.15739059448242,55.29718017578125,54.75412368774414
2016-05-19 02:00:00,50.0,97.17035350249402,178.33333333333334,55.0,56.66666666666666,178.65440937194924,48.24074074074073,51.711499726729336,46.5541428543268,44.17958090420076,51.96160125732422,44.568214416503906,54.049312591552734,54.779144287109375
2016-05-19 03:00:00,51.66666666666666,97.17035350249402,178.33333333333334,51.66666666666666,50.0,178.69454387677624,45.925925925925924,50.60965315956917,45.12933352966529,42.60255239337328,53.11235809326172,56.056488037109375,55.45600509643555,53.08827590942383
2016-05-19 04:00:00,56.66666666666666,97.17035350249402,178.33333333333334,51.66666666666666,56.66666666666666,178.73467838160323,46.66666666666666,51.54994020793657,45.82000899713321,43.86603257044982,55.11874771118164,62.17829895019531,55.77059555053711,53.20524978637695
2016-05-19 05:00:00,55.0,97.17035350249402,178.33333333333334,65.0,61.66666666666666,178.7748128864302,52.77777777777777,59.891115572829065,53.96185893230513,52.152218375599965,60.6109733581543,53.41231918334961,57.928306579589844,59.640968322753906
2016-05-19 06:00:00,58.333333333333336,97.17035350249402,178.33333333333334,70.0,48.333333333333336,178.8149473912572,49.25925925925926,68.19559414978062,62.11310033017148,59.81755034357572,84.16371154785156,73.11184692382812,60.56412124633789,65.65113830566406
2016-05-19 07:00:00,50.0,97.17035350249402,178.33333333333334,53.333333333333336,58.333333333333336,178.8550818960842,79.16666666666667,93.30104111306618,87.07204053678974,84.64645225318611,93.94771575927734,77.70345306396484,63.37051773071289,72.29144287109375
2016-05-19 08:00:00,53.333333333333336,97.17035350249402,178.33333333333334,61.66666666666666,51.66666666666666,178.89521640091118,89.81481481481482,109.09553468793223,102.78617178979796,100.72742048058097,100.0427017211914,94.65306854248047,61.716949462890625,74.60578918457031
2016-05-19 09:00:00,36.66666666666666,97.17035350249402,178.33333333333334,65.0,48.333333333333336,178.93535090573815,92.22222222222223,100.16632046117044,93.85146904702836,91.96357559923548,77.0909194946289,87.42626190185547,64.42437744140625,64.90465545654297
2016-05-19 10:00:00,55.0,97.17035350249402,178.33333333333334,58.333333333333336,58.333333333333336,178.97548541056514,104.25925925925927,110.70651143135855,104.34787742338854,103.41547066276917,70.04661560058594,85.7934799194336,50.82849884033203,62.89633560180664
2016-05-19 11:00:00,51.66666666666666,97.17035350249402,178.33333333333334,70.0,50.0,179.01561991539214,111.66666666666667,110.93340498058888,104.5396142477058,104.76361180791065,78.2298812866211,91.86568450927734,47.80852508544922,62.31897735595703
2016-05-19 12:00:00,55.0,97.17035350249402,178.33333333333334,56.66666666666666,55.0,179.05575442021913,108.05555555555556,109.11585001078694,102.65038849890743,101.91060645985758,45.17090606689453,85.17430877685547,48.69199752807617,61.171539306640625
2016-05-19 13:00:00,50.0,97.17035350249402,178.33333333333334,86.66666666666667,56.66666666666666,179.0958889250461,98.98148148148148,109.56843748857855,103.09465088374037,99.16302639775353,59.87384796142578,80.40505981445312,52.31446838378906,61.61357879638672
2016-05-19 14:00:00,63.333333333333336,97.17035350249402,178.33333333333334,81.66666666666667,56.66666666666666,179.1360234298731,78.42592592592592,98.10509760890895,91.61942350271296,84.63663460202173,65.19169616699219,90.09017181396484,53.456268310546875,63.93441390991211
2016-05-19 15:00:00,81.66666666666667,97.17035350249402,178.33333333333334,83.33333333333333,68.33333333333333,179.1761579347001,70.92592592592592,95.81707754516368,89.32645406886522,84.26975818080588,75.10968017578125,94.3570785522461,72.88990783691406,65.32208251953125
2016-05-19 16:00:00,90.0,97.17035350249402,178.33333333333334,105.0,118.33333333333331,179.21629243952708,102.03703703703702,121.3110337540264,114.78977690042026,112.04169962105809,100.74002075195312,133.4176788330078,85.6841812133789,82.97002410888672
2016-05-19 17:00:00,208.33333333333331,97.17035350249402,178.33333333333334,118.33333333333331,208.33333333333331,179.25642694435405,163.61111111111111,183.58854027897178,176.98226993089722,170.69116799714305,186.8340606689453,227.765625,136.91656494140625,172.2374725341797
2016-05-19 18:00:00,120.0,97.17035350249402,178.33333333333334,178.33333333333334,105.0,179.29656144918104,224.62962962962965,170.49454085303972,164.02572431702288,157.67076400903554,157.6139678955078,219.02804565429688,137.9089813232422,157.1767120361328
2016-05-19 19:00:00,98.33333333333331,97.0136647299333,120.0,143.33333333333334,123.33333333333331,120.02098805295448,138.14814814814815,105.08547589889835,102.7782557549348,102.30550502590602,119.4469985961914,146.6129608154297,129.8501434326172,113.97032928466797
2016-05-19 20:00:00,118.33333333333331,97.0136647299333,120.0,223.33333333333331,100.0,120.04197610590894,116.66666666666667,106.14808991914468,102.99250510840588,104.99308233273408,86.01947784423828,104.5660171508789,122.30535888671875,101.83118438720703
2016-05-19 21:00:00,66.66666666666667,97.0136647299333,120.0,81.66666666666667,71.66666666666667,120.06296415886342,93.05555555555556,67.81241314971369,63.96554887800578,65.58331327374091,53.233428955078125,68.57421112060547,87.59674072265625,66.93497467041016
2016-05-19 22:00:00,50.0,97.0136647299333,120.0,51.66666666666666,60.0,120.08395221181789,58.703703703703695,51.45165728431784,47.04682770714972,47.915984235756085,45.828189849853516,52.855464935302734,61.287227630615234,58.1357307434082
2016-05-19 23:00:00,56.66666666666666,97.0136647299333,120.0,56.66666666666666,56.66666666666666,120.10494026477237,51.111111111111114,49.51809666531559,44.66008895900894,46.02383836987097,46.19975280761719,51.53664016723633,53.65363693237305,55.23980712890625
2016-05-20 00:00:00,51.66666666666666,97.0136647299333,120.0,51.66666666666666,55.0,120.12592831772683,48.24074074074073,47.97047788279119,59.42173435338256,60.34741861466088,56.305179595947266,62.770347595214844,51.604671478271484,54.75550842285156
2016-05-20 01:00:00,51.66666666666666,97.0136647299333,120.0,51.66666666666666,53.333333333333336,120.14691637068131,48.24074074074073,49.532847011298294,60.699166475972135,62.147883483999834,58.28827667236328,52.925559997558594,53.95671463012695,55.50459289550781
2016-05-20 02:00:00,36.66666666666666,97.0136647299333,120.0,50.0,58.333333333333336,120.16790442363578,50.0,49.745880120925435,60.68618703317359,61.89209564160907,60.587100982666016,43.34016036987305,53.0144157409668,55.28471755981445
2016-05-20 03:00:00,58.333333333333336,97.0136647299333,120.0,51.66666666666666,58.333333333333336,120.18889247659025,47.03703703703704,49.27343929583684,60.03735821934002,61.184884666318396,61.33401870727539,68.9440689086914,55.6635856628418,53.577484130859375
2016-05-20 04:00:00,51.66666666666666,97.0136647299333,120.0,56.66666666666666,50.0,120.20988052954472,48.24074074074073,50.805560065676964,61.42864020542255,63.55319742899755,61.804874420166016,69.1949691772461,60.72138977050781,52.73157501220703
2016-05-20 05:00:00,61.66666666666666,97.0136647299333,120.0,55.0,58.333333333333336,120.2308685824992,48.148148148148145,58.64923139066987,69.14913413601693,70.70056555687799,65.267578125,67.47698974609375,74.80067443847656,55.4286994934082
2016-05-20 06:00:00,66.66666666666667,97.0136647299333,120.0,58.333333333333336,146.66666666666666,120.25185663545366,73.70370370370371,66.89463749041451,77.30062900568083,77.67589738060428,106.63532257080078,108.20989227294922,90.40845489501953,73.84089660644531
2016-05-20 07:00:00,80.0,97.0136647299333,120.0,50.0,176.66666666666666,120.27284468840814,105.18518518518518,90.89540094331787,101.20860631155568,102.14859033709199,151.215087890625,143.33958435058594,125.53179931640625,110.7101058959961
2016-05-20 08:00:00,126.66666666666669,97.0136647299333,120.0,53.333333333333336,338.3333333333333,120.2938327413626,127.96296296296295,106.16643501625411,116.43127193980877,116.95579447092152,184.0702362060547,173.97206115722656,188.24269104003906,126.08113098144531
2016-05-20 09:00:00,73.33333333333333,97.0136647299333,120.0,36.66666666666666,93.33333333333331,120.31482079431709,149.44444444444446,96.57539815642563,106.84958021202945,106.87843996497514,196.7725830078125,191.19668579101562,143.0753631591797,128.1560821533203
2016-05-20 10:00:00,81.66666666666667,97.0136647299333,120.0,55.0,73.33333333333333,120.33580884727155,137.59259259259258,108.03768777541089,118.29287406986688,119.35785199240559,198.3856964111328,197.45367431640625,145.51748657226562,120.85371398925781
2016-05-20 11:00:00,73.33333333333333,97.0136647299333,120.0,51.66666666666666,355.0,120.35679690022603,169.07407407407408,107.85047965232287,118.07800584117308,119.09510488411559,197.8884735107422,240.2678985595703,171.4774932861328,131.64349365234375
2016-05-20 12:00:00,71.66666666666667,97.0136647299333,120.0,55.0,301.6666666666667,120.3777849531805,174.9074074074074,106.64109000264607,116.81316603802364,118.79725771051393,190.47381591796875,244.06600952148438,136.4890594482422,129.1405029296875
2016-05-20 13:00:00,61.66666666666666,97.0136647299333,120.0,50.0,268.3333333333333,120.39877300613497,142.12962962962962,106.15942961135036,116.31725399717925,120.3840197668323,154.34352111816406,216.14353942871094,121.0732192993164,118.43916320800781
2016-05-20 14:00:00,60.0,97.0136647299333,120.0,63.333333333333336,318.3333333333333,120.41976105908944,132.96296296296293,96.15971856920976,106.31271476223628,111.78373742664971,136.391357421875,172.58665466308594,81.75641632080078,109.67569732666016
2016-05-20 15:00:00,46.66666666666666,97.0136647299333,120.0,81.66666666666667,201.66666666666663,120.44074911204392,131.2962962962963,95.11721093381806,105.2709662345268,111.27482072214107,125.93397521972656,165.02467346191406,81.38362884521484,107.74479675292969
2016-05-20 16:00:00,48.333333333333336,97.0136647299333,120.0,90.0,351.6666666666667,120.46173716499838,132.59259259259258,119.6153817018492,129.73995576444753,134.96975531703623,141.21437072753906,171.99261474609375,72.95524597167969,121.2590560913086
2016-05-20 17:00:00,75.0,97.0136647299333,120.0,208.33333333333331,231.66666666666663,120.48272521795286,152.03703703703704,186.489514753992,196.56320038650534,200.7258563563709,179.6686553955078,188.15982055664062,87.59312438964844,162.74005126953125
2016-05-20 18:00:00,78.33333333333333,97.0136647299333,120.0,120.0,348.3333333333333,120.50371327090733,176.38888888888889,167.09406320098265,177.25868747001925,179.73928659869165,194.76873779296875,165.43544006347656,171.35989379882812,159.11257934570312
2016-05-20 19:00:00,65.0,96.79478966474481,78.33333333333333,98.33333333333331,208.33333333333331,78.34080956958239,131.0185185185185,64.95966117433517,69.62368961725208,68.1503223701198,136.03067016601562,150.70321655273438,136.7251739501953,76.95299530029297
2016-05-20 20:00:00,70.0,96.79478966474481,78.33333333333333,118.33333333333331,120.0,78.34828580583147,103.98148148148148,74.42212081265015,80.81468281734223,77.55814922128853,111.91302490234375,115.89631652832031,98.05028533935547,76.22077178955078
2016-05-20 21:00:00,65.0,96.79478966474481,78.33333333333333,66.66666666666667,63.333333333333336,78.35576204208053,85.92592592592592,44.23930880728482,51.89166153628585,47.934169437703964,69.5567855834961,71.43184661865234,82.67645263671875,63.160888671875
2016-05-20 22:00:00,53.333333333333336,96.79478966474481,78.33333333333333,50.0,55.0,78.36323827832959,65.92592592592592,33.42550068542607,41.93191681637979,37.85244007854883,61.26650619506836,73.24173736572266,70.690673828125,54.439964294433594
2016-05-20 23:00:00,45.0,96.79478966474481,78.33333333333333,56.66666666666666,61.66666666666666,78.37071451457865,50.09259259259259,35.97239863444133,45.05635224555786,40.69881355070042,59.00590515136719,63.64985275268555,66.8108139038086,52.260581970214844
2016-05-21 00:00:00,48.333333333333336,96.79478966474481,78.33333333333333,51.66666666666666,58.333333333333336,78.37819075082773,49.166666666666664,37.42894343293768,37.79996911738805,34.21197857425514,53.88551712036133,66.31192779541016,63.010169982910156,52.13125991821289
2016-05-21 01:00:00,51.66666666666666,96.79478966474481,78.33333333333333,51.66666666666666,63.333333333333336,78.38566698707679,48.05555555555556,41.359004816043125,41.995526056187614,39.917613665430295,54.8493766784668,70.57935333251953,66.37389373779297,52.2234001159668
2016-05-21 02:00:00,56.66666666666666,96.79478966474481,78.33333333333333,36.66666666666666,60.0,78.39314322332585,47.03703703703704,42.52539662956644,43.33377918146346,41.71281974568719,55.47156524658203,63.292720794677734,63.77836608886719,51.52375411987305
2016-05-21 03:00:00,48.333333333333336,96.79478966474481,78.33333333333333,58.333333333333336,60.0,78.40061945957491,47.68518518518518,44.867090320499386,45.792629667108656,44.49424810480455,53.808998107910156,63.86936569213867,66.76139831542969,51.293601989746094
2016-05-21 04:00:00,56.66666666666666,96.79478966474481,78.33333333333333,51.66666666666666,60.0,78.40809569582399,47.5,46.92785920888814,47.91925500654243,46.553637299010845,51.52068328857422,61.133140563964844,73.1140365600586,51.870418548583984
2016-05-21 05:00:00,51.66666666666666,96.79478966474481,78.33333333333333,61.66666666666666,56.66666666666666,78.41557193207305,46.111111111111114,55.974414987712144,56.997886458845045,55.52830401455331,55.68222427368164,60.74983596801758,71.83866882324219,52.259761810302734
2016-05-21 06:00:00,60.0,96.79478966474481,78.33333333333333,66.66666666666667,63.333333333333336,78.42304816832211,48.148148148148145,64.78607913178242,65.82510790758349,65.11567202946829,87.04851531982422,84.99639892578125,93.07032012939453,53.986846923828125
2016-05-21 07:00:00,56.66666666666666,96.79478966474481,78.33333333333333,80.0,113.33333333333331,78.43052440457117,68.79629629629629,89.30344245001864,90.33753514785715,89.48528131718038,92.3469009399414,96.8313217163086,106.56656646728516,66.09002685546875
2016-05-21 08:00:00,208.33333333333331,96.79478966474481,78.33333333333333,126.66666666666669,133.33333333333334,78.43800064082025,93.05555555555556,107.21834359649463,108.2688662077384,107.1204763033332,167.86209106445312,166.53160095214844,91.25494384765625,86.04376220703125
2016-05-21 09:00:00,310.0,96.79478966474481,78.33333333333333,73.33333333333333,118.33333333333331,78.44547687706931,110.46296296296296,95.3054237246103,96.39548509353556,95.49093843257782,165.80191040039062,165.42276000976562,169.8889617919922,86.89585876464844
2016-05-21 10:00:00,383.3333333333333,96.79478966474481,78.33333333333333,81.66666666666667,158.33333333333334,78.45295311331837,147.03703703703704,106.66350641333884,107.7575175205364,107.87372454671214,175.83700561523438,183.28330993652344,294.0306396484375,91.03836059570312
2016-05-21 11:00:00,431.6666666666667,96.79478966474481,78.33333333333333,73.33333333333333,96.66666666666669,78.46042934956745,168.05555555555554,106.20887411384604,107.29328285472116,108.61818250067029,186.60525512695312,189.5863037109375,262.01080322265625,98.0366439819336
2016-05-21 12:00:00,228.33333333333331,96.79478966474481,78.33333333333333,71.66666666666667,116.66666666666669,78.46790558581651,143.98148148148147,105.0175934084566,106.05880639780219,108.03895066953766,168.7089385986328,201.48512268066406,285.84735107421875,88.84686279296875
2016-05-21 13:00:00,343.3333333333333,96.79478966474481,78.33333333333333,61.66666666666666,113.33333333333331,78.47538182206557,158.42592592592592,104.13579851106668,105.17089404057728,107.04314323005917,172.19686889648438,186.25450134277344,354.4363098144531,84.10711669921875
2016-05-21 14:00:00,303.3333333333333,96.79478966474481,78.33333333333333,60.0,106.66666666666669,78.48285805831463,128.88888888888889,94.26178756272282,95.29022565274198,96.29757937824112,172.8775177001953,180.38558959960938,293.6149597167969,79.27767944335938
2016-05-21 15:00:00,361.6666666666667,96.79478966474481,78.33333333333333,46.66666666666666,130.0,78.49033429456371,122.22222222222223,92.09841379844615,93.12109311657535,92.6063134884072,166.9402313232422,166.87803649902344,226.41770935058594,75.482666015625
2016-05-21 16:00:00,100.0,96.79478966474481,78.33333333333333,48.333333333333336,111.66666666666669,78.49781053081277,157.59259259259258,115.53535839017903,116.53341431077985,114.29403936787438,192.37054443359375,240.44590759277344,262.23150634765625,80.52860260009766
2016-05-21 17:00:00,95.0,96.79478966474481,78.33333333333333,75.0,241.66666666666663,78.50528676706183,165.92592592592592,178.81705260114364,179.74044519431916,177.6810486533748,162.26914978027344,216.88894653320312,175.92796325683594,95.93992614746094
2016-05-21 18:00:00,125.0,96.79478966474481,78.33333333333333,78.33333333333333,166.66666666666666,78.5127630033109,188.33333333333334,162.3390584863574,163.37985839939162,162.72659959331043,140.16697692871094,183.34385681152344,179.06765747070312,101.0531234741211
2016-05-21 19:00:00,108.33333333333331,97.20650561559653,125.0,65.0,90.0,125.02225755166931,154.44444444444446,99.55997824251514,99.78260107851723,100.02083591644049,105.36215209960938,123.80593872070312,129.92227172851562,95.97618103027344
2016-05-21 20:00:00,95.0,97.20650561559653,125.0,70.0,86.66666666666667,125.04451510333864,106.94444444444444,100.48765277608612,101.00922037296704,98.76464707920951,110.29843139648438,113.75643157958984,105.90544128417969,87.70425415039062
2016-05-21 21:00:00,135.0,97.20650561559653,125.0,65.0,75.0,125.06677265500795,93.42592592592592,66.15083394396827,66.92680394997467,63.362807928253446,86.01158142089844,73.0421371459961,72.41976165771484,71.52243041992188
2016-05-21 22:00:00,73.33333333333333,97.20650561559653,125.0,53.333333333333336,61.66666666666666,125.08903020667726,80.55555555555556,50.61328988030686,51.52430305614635,47.877437203982666,70.50133514404297,61.794921875,73.99285125732422,60.178123474121094
2016-05-21 23:00:00,148.33333333333334,97.20650561559653,125.0,45.0,48.333333333333336,125.11128775834658,54.166666666666664,48.68097304983571,49.658621011592814,45.770871288047545,57.13473129272461,60.47076416015625,65.6153564453125,56.112064361572266
2016-05-22 00:00:00,60.0,97.20650561559653,125.0,48.333333333333336,53.333333333333336,125.1335453100159,49.444444444444436,47.532356590535585,50.032908106250844,45.40970898760579,54.70261764526367,64.21591186523438,77.5849609375,54.926116943359375
2016-05-22 01:00:00,56.66666666666666,97.20650561559653,125.0,51.66666666666666,55.0,125.15580286168522,50.74074074074073,49.29784084446217,51.820161820593626,47.813164239604625,56.998748779296875,65.35810852050781,69.35843658447266,55.368919372558594
2016-05-22 02:00:00,51.66666666666666,97.20650561559653,125.0,56.66666666666666,51.66666666666666,125.17806041335453,48.51851851851851,49.33987181289589,51.8735034885428,47.69838034279225,60.07179641723633,69.67079162597656,59.37008285522461,54.27275085449219
2016-05-22 03:00:00,53.333333333333336,97.20650561559653,125.0,48.333333333333336,40.0,125.20031796502384,49.25925925925926,49.28068608673585,51.80944070159807,46.266957747085044,58.36056900024414,71.76859283447266,60.720970153808594,52.92898178100586
2016-05-22 04:00:00,55.0,97.20650561559653,125.0,56.66666666666666,51.66666666666666,125.22257551669317,49.72222222222222,50.904408734444715,53.42941566164711,48.92698987603122,60.493282318115234,73.41165924072266,58.571292877197266,52.14533233642578
2016-05-22 05:00:00,50.0,97.20650561559653,125.0,51.66666666666666,56.66666666666666,125.24483306836248,50.27777777777777,58.2521461648714,60.758920684522906,56.611506623302404,67.06905364990234,78.05034637451172,60.8000373840332,52.05934524536133
2016-05-22 06:00:00,58.333333333333336,97.20650561559653,125.0,60.0,51.66666666666666,125.2670906200318,47.59259259259259,66.50562621960611,69.00022041611243,63.542890999485735,84.94768524169922,86.69841003417969,65.75540924072266,53.1562385559082
2016-05-22 07:00:00,63.333333333333336,97.20650561559653,125.0,56.66666666666666,93.33333333333331,125.2893481717011,72.77777777777777,89.01861675847752,91.49061803381227,87.75852490783379,99.97303771972656,86.33734130859375,81.96418762207031,64.4964599609375
2016-05-22 08:00:00,190.0,97.20650561559653,125.0,208.33333333333331,118.33333333333331,125.31160572337043,128.14814814814815,114.46534709404416,116.95986414367667,113.14843563164948,149.07086181640625,140.57623291015625,95.3895263671875,99.8857650756836
2016-05-22 09:00:00,113.33333333333331,97.20650561559653,125.0,310.0,101.66666666666669,125.33386327503975,134.44444444444446,110.35459148008667,112.92087868027392,108.93037111620467,116.96173095703125,136.95516967773438,194.53524780273438,112.319580078125
2016-05-22 10:00:00,201.66666666666663,97.20650561559653,125.0,383.3333333333333,108.33333333333331,125.35612082670906,134.16666666666666,125.49654424216641,128.07945775067626,124.30546878934834,151.91307067871094,140.3123321533203,212.87973022460938,117.981201171875
2016-05-22 11:00:00,343.3333333333333,97.20650561559653,125.0,431.6666666666667,105.0,125.37837837837837,127.12962962962963,128.1389338435033,130.72663134579022,128.8994092714659,121.2172622680664,149.74917602539062,166.88134765625,90.44850158691406
2016-05-22 12:00:00,126.66666666666669,97.20650561559653,125.0,228.33333333333331,96.66666666666669,125.4006359300477,113.51851851851852,113.98769709070193,116.49733342746103,117.20367960897775,92.52664184570312,158.11607360839844,201.9819793701172,80.33796691894531
2016-05-22 13:00:00,103.33333333333331,97.20650561559653,125.0,343.3333333333333,136.66666666666666,125.42289348171701,109.25925925925927,120.55832256220054,123.0911623634598,123.45456996314138,114.03398895263672,164.6671905517578,172.1502685546875,74.55934143066406
2016-05-22 14:00:00,106.66666666666669,97.20650561559653,125.0,303.3333333333333,88.33333333333333,125.44515103338632,86.01851851851852,108.521714280547,111.04244799521268,112.77018761546498,96.12809753417969,126.58135986328125,142.2012481689453,71.88451385498047
2016-05-22 15:00:00,96.66666666666669,97.20650561559653,125.0,361.6666666666667,93.33333333333331,125.46740858505565,81.57407407407408,110.37567553287892,112.9099196337944,115.71930809987228,92.58904266357422,119.18354034423828,113.24806213378906,73.10060119628906
2016-05-22 16:00:00,88.33333333333333,97.20650561559653,125.0,100.0,143.33333333333334,125.48966613672496,100.92592592592592,116.11164405598234,118.57756201064682,121.05784148590152,155.85189819335938,120.64148712158203,127.8227767944336,81.57470703125
2016-05-22 17:00:00,265.0,97.20650561559653,125.0,95.0,236.66666666666663,125.51192368839428,143.61111111111111,175.7869615678968,178.1841664040531,179.20314526005677,158.9807586669922,142.26661682128906,142.43875122070312,108.09571075439453
2016-05-22 18:00:00,120.0,97.20650561559653,125.0,125.0,98.33333333333331,125.53418124006359,175.0,161.81918157837998,164.33282566047487,164.4370231906136,161.42030334472656,174.18064880371094,150.52511596679688,113.04597473144531
2016-05-22 19:00:00,96.66666666666669,97.34227129337539,120.0,108.33333333333331,96.66666666666669,120.020511202272,132.87037037037038,114.26809652335804,115.07808844405564,113.66222515018748,118.64562225341797,116.5572509765625,173.04441833496094,111.40194702148438
2016-05-22 20:00:00,116.66666666666669,97.34227129337539,120.0,95.0,246.66666666666663,120.04102240454402,130.92592592592592,111.1496348006106,112.34594805626737,111.99515764271203,101.91786193847656,108.60469055175781,156.85459899902344,102.95023345947266
2016-05-22 21:00:00,88.33333333333333,97.34227129337539,120.0,135.0,203.33333333333331,120.06153360681603,112.5,78.5608134372339,80.10991209756293,81.5987101493736,79.75751495361328,71.60337829589844,124.25987243652344,84.1437759399414
2016-05-22 22:00:00,78.33333333333333,97.34227129337539,120.0,73.33333333333333,86.66666666666667,120.08204480908805,73.24074074074073,58.18896414631203,59.957475892625155,60.66810955578002,67.29572296142578,71.29560089111328,103.88655090332031,65.74053192138672
2016-05-22 23:00:00,60.0,97.34227129337539,120.0,148.33333333333334,83.33333333333333,120.10255601136005,56.01851851851851,59.86947972225954,61.811384957956534,60.59302424715476,52.81901550292969,50.060062408447266,99.92711639404297,62.41549301147461
2016-05-23 00:00:00,58.333333333333336,97.34227129337539,120.0,60.0,61.66666666666666,120.12306721363205,53.425925925925924,52.00092381203135,63.93103019505071,61.32307667861593,58.13515090942383,55.64979553222656,62.418182373046875,59.8697624206543
2016-05-23 01:00:00,51.66666666666666,97.34227129337539,120.0,56.66666666666666,53.333333333333336,120.14357841590407,52.77777777777778,52.569373317858705,64.59083648604518,62.16375885048242,59.4538459777832,55.004512786865234,57.89289855957031,58.30228042602539
2016-05-23 02:00:00,58.333333333333336,97.34227129337539,120.0,51.66666666666666,56.66666666666666,120.16408961817608,50.55555555555555,51.53818333578036,63.62982900234867,61.737433656695465,55.148468017578125,53.58790969848633,59.14524841308594,57.51491165161133
2016-05-23 03:00:00,51.66666666666666,97.34227129337539,120.0,53.333333333333336,53.333333333333336,120.1846008204481,50.09259259259259,51.260437564963254,63.403788918178165,61.86238680588231,53.36688232421875,55.33815002441406,60.10004425048828,55.486392974853516
2016-05-23 04:00:00,50.0,97.34227129337539,120.0,55.0,55.0,120.2051120227201,50.46296296296296,52.35905518365848,64.5410553832908,62.36174002791748,56.876644134521484,55.50297546386719,61.72353744506836,56.80366516113281
2016-05-23 05:00:00,66.66666666666667,97.34227129337539,120.0,50.0,51.66666666666666,120.2256232249921,54.16666666666666,58.881736132705385,71.08586345208205,68.84567325668999,66.90448760986328,66.25732421875,74.41166687011719,59.53569030761719
2016-05-23 06:00:00,60.0,97.34227129337539,120.0,58.333333333333336,53.333333333333336,120.24613442726412,56.01851851851851,66.90747643083827,79.13104987313042,76.29323525302429,70.33781433105469,97.48054504394531,83.50202941894531,59.427146911621094
2016-05-23 07:00:00,56.66666666666666,97.34227129337539,120.0,63.333333333333336,61.66666666666666,120.26664562953613,72.22222222222223,88.67059368895892,100.9044031006139,96.5383456519259,85.67902374267578,87.85282135009766,87.16175842285156,64.21208953857422
2016-05-23 08:00:00,51.66666666666666,97.34227129337539,120.0,190.0,88.33333333333333,120.28715683180815,96.38888888888889,117.76647911878428,130.0160960000183,125.26345227721782,84.39212036132812,113.92858123779297,91.37850189208984,70.89141082763672
2016-05-23 09:00:00,55.0,97.34227129337539,120.0,113.33333333333331,70.0,120.30766803408015,98.33333333333333,106.72541705902437,119.0078134413293,115.51161190225488,84.36955261230469,121.62638854980469,84.10565948486328,71.80374145507812
2016-05-23 10:00:00,51.66666666666666,97.34227129337539,120.0,201.66666666666663,148.33333333333334,120.32817923635216,157.40740740740742,125.21604330020199,137.52127304113316,135.31906223484225,77.57894897460938,125.55741882324219,88.7445068359375,80.98199462890625
2016-05-23 11:00:00,56.66666666666666,97.34227129337539,120.0,343.3333333333333,103.33333333333331,120.34869043862417,185.18518518518516,135.66950572484856,148.00106025531528,148.11799233558784,129.67355346679688,156.32928466796875,93.60580444335938,83.44711303710938
2016-05-23 12:00:00,61.66666666666666,97.34227129337539,120.0,126.66666666666669,206.66666666666663,120.36920164089618,159.72222222222223,112.5657113437191,124.86227066552841,127.62830812939325,121.8179931640625,176.38189697265625,74.49593353271484,82.84004211425781
2016-05-23 13:00:00,56.66666666666666,97.34227129337539,120.0,103.33333333333331,266.6666666666667,120.3897128431682,184.72222222222223,114.92851589310044,127.20889593830513,130.997581964789,125.12088012695312,140.54676818847656,75.06014251708984,84.8282470703125
2016-05-23 14:00:00,58.333333333333336,97.34227129337539,120.0,106.66666666666669,88.33333333333333,120.4102240454402,156.38888888888889,104.42444693542281,116.71265659695015,122.44115630537235,116.45471954345703,141.43984985351562,56.46995162963867,84.53459930419922
2016-05-23 15:00:00,73.33333333333333,97.34227129337539,120.0,96.66666666666669,111.66666666666669,120.4307352477122,171.2037037037037,104.3202078352021,116.6030462828448,124.10020169617258,128.9635467529297,165.53250122070312,60.20238494873047,83.89179992675781
2016-05-23 16:00:00,156.66666666666666,97.34227129337539,120.0,88.33333333333333,88.33333333333333,120.45124644998423,144.07407407407408,114.74378511358307,127.06127048176509,135.58362881800548,127.01228332519531,171.43441772460938,89.4236831665039,92.65740966796875
2016-05-23 17:00:00,380.0,97.34227129337539,120.0,265.0,243.33333333333331,120.47175765225623,180.1754385964912,183.19146342821904,195.49305660117767,204.4919619143472,197.40599060058594,201.1154327392578,182.07742309570312,190.38795471191406
2016-05-23 18:00:00,123.33333333333331,97.34227129337539,120.0,120.0,155.0,120.49226885452825,192.5438596491228,159.9690233904045,172.34279858409215,180.44040208704473,160.14414978027344,184.41146850585938,247.6342315673828,133.88380432128906
2016-05-23 19:00:00,120.0,97.24274681694844,123.33333333333331,96.66666666666669,115.0,123.3547343146466,146.140350877193,134.00667918452012,138.1400474631895,139.0377532199551,125.77332305908203,127.6818618774414,132.0933380126953,109.10982513427734
2016-05-23 20:00:00,105.0,97.24274681694844,123.33333333333331,116.66666666666669,96.66666666666669,123.3761352959599,151.2280701754386,127.85361041937307,133.75040929906464,134.60240267657267,113.65180206298828,117.146728515625,144.30722045898438,99.26030731201172
2016-05-23 21:00:00,68.33333333333333,97.24274681694844,123.33333333333331,88.33333333333333,68.33333333333333,123.39753627727319,101.66666666666667,90.37143568404336,97.67820837749693,97.75917550826573,77.99319458007812,84.29179382324219,81.21119689941406,65.89451599121094
2016-05-23 22:00:00,63.333333333333336,97.24274681694844,123.33333333333331,78.33333333333333,46.66666666666666,123.41893725858647,76.84210526315789,68.7082858906818,77.11226042729106,75.0161022444358,68.51689147949219,86.54224395751953,73.55553436279297,58.75908279418945
2016-05-23 23:00:00,58.333333333333336,97.24274681694844,123.33333333333331,60.0,60.0,123.44033823989976,63.59649122807017,65.40794063891228,74.63525102698631,72.23299298851563,60.81790542602539,71.61305236816406,70.40998840332031,56.803314208984375
2016-05-24 00:00:00,50.0,97.24274681694844,123.33333333333331,58.333333333333336,50.0,123.46173922121305,66.9298245614035,57.93845882621272,50.023112131048606,48.95022149173843,59.44173812866211,74.84010314941406,58.22602081298828,54.786827087402344
2016-05-24 01:00:00,56.66666666666666,97.24274681694844,123.33333333333331,51.66666666666666,55.0,123.48314020252634,56.228070175438596,56.83150861146677,49.43368488564421,49.170624890809776,59.14786911010742,68.45217895507812,64.09415435791016,53.41457748413086
2016-05-24 02:00:00,55.0,97.24274681694844,123.33333333333331,58.333333333333336,51.66666666666666,123.50454118383963,48.771929824561404,55.370123649422005,48.38197280265513,49.68918333815634,59.401023864746094,69.49861907958984,64.76072692871094,54.65104293823242
2016-05-24 03:00:00,53.333333333333336,97.24274681694844,123.33333333333331,51.66666666666666,53.333333333333336,123.52594216515293,46.754385964912274,53.8715723429412,47.198816663560976,47.99423042227085,56.712860107421875,70.30504608154297,58.313201904296875,52.718814849853516
2016-05-24 04:00:00,53.333333333333336,97.24274681694844,123.33333333333331,50.0,53.333333333333336,123.5473431464662,48.59649122807017,54.184545620556634,47.75923185354468,47.79860801306105,56.435340881347656,62.231990814208984,62.07478713989258,52.612754821777344
2016-05-24 05:00:00,106.66666666666669,97.24274681694844,123.33333333333331,66.66666666666667,58.333333333333336,123.5687441277795,57.36842105263158,61.13085564547841,54.89937187934433,54.536121458555215,71.3115005493164,61.428382873535156,61.967018127441406,65.27323913574219
2016-05-24 06:00:00,71.66666666666667,97.24274681694844,123.33333333333331,60.0,56.66666666666666,123.59014510909279,52.017543859649116,67.8599472242919,61.77513862962136,62.50674472131887,110.92498779296875,59.691062927246094,101.10177612304688,67.30230712890625
2016-05-24 07:00:00,161.66666666666666,97.24274681694844,123.33333333333331,56.66666666666666,65.0,123.61154609040608,78.15789473684211,88.10413882849213,82.13356125473769,84.20616327012097,96.29961395263672,89.51409912109375,132.4208526611328,66.73448181152344
2016-05-24 08:00:00,56.66666666666666,97.24274681694844,123.33333333333331,51.66666666666666,56.66666666666666,123.63294707171937,89.03508771929825,112.77824590807631,106.8611869020243,108.6227421990967,102.3021240234375,99.20596313476562,106.60227966308594,59.41948699951172
2016-05-24 09:00:00,38.333333333333336,97.24274681694844,123.33333333333331,55.0,51.66666666666666,123.65434805303266,75.96491228070175,103.85983971420995,98.0650236743324,99.30894532073731,85.76988220214844,107.21178436279297,79.88751983642578,52.864295959472656
2016-05-24 10:00:00,66.66666666666667,97.24274681694844,123.33333333333331,51.66666666666666,53.333333333333336,123.67574903434594,89.21052631578948,119.37469375417919,113.62177004602991,115.29374171920458,89.64229583740234,107.91451263427734,53.8588981628418,51.966304779052734
2016-05-24 11:00:00,101.66666666666669,97.24274681694844,123.33333333333331,56.66666666666666,51.66666666666666,123.69715001565923,74.21052631578948,126.63624477006324,120.89830304046694,122.7539239532909,87.16557312011719,135.70538330078125,83.76081848144531,54.92727279663086
2016-05-24 12:00:00,128.33333333333334,97.24274681694844,123.33333333333331,61.66666666666666,53.333333333333336,123.71855099697252,95.6140350877193,109.2946536789751,103.63117595379003,105.63842306199938,78.56362915039062,113.78988647460938,99.70600891113281,54.647682189941406
2016-05-24 13:00:00,118.33333333333331,97.24274681694844,123.33333333333331,56.66666666666666,41.66666666666666,123.73995197828582,100.87719298245614,111.66918819803118,106.02253544042163,110.39407505501332,91.9375228881836,110.96309661865234,102.6331558227539,55.17914962768555
2016-05-24 14:00:00,150.0,97.24274681694844,123.33333333333331,58.333333333333336,53.333333333333336,123.76135295959911,69.56140350877193,101.60327003901119,95.98039740463227,101.93986106074374,95.41466522216797,113.26023864746094,102.34347534179688,55.91627502441406
2016-05-24 15:00:00,141.66666666666666,97.24274681694844,123.33333333333331,73.33333333333333,51.66666666666666,123.7827539409124,72.63157894736841,102.63074475243978,97.02425405625317,102.0562474482973,92.45795440673828,103.52327728271484,138.85943603515625,57.449378967285156
2016-05-24 16:00:00,141.66666666666666,97.24274681694844,123.33333333333331,156.66666666666666,66.66666666666667,123.80415492222568,79.29824561403508,118.05153161182793,112.5110802716978,117.38769128024474,117.39598083496094,111.79019927978516,166.66995239257812,71.55162048339844
2016-05-24 17:00:00,203.33333333333331,97.24274681694844,123.33333333333331,380.0,153.33333333333334,123.82555590353897,162.10526315789474,194.0513605935587,188.4950654889572,193.49427821510474,201.33335876464844,183.77500915527344,240.27005004882812,176.00857543945312
2016-05-24 18:00:00,136.66666666666666,97.24274681694844,123.33333333333331,123.33333333333331,100.0,123.84695688485226,195.52631578947367,158.5333692356062,153.05283633164183,159.36324622991248,196.26828002929688,174.9270477294922,158.14141845703125,123.79518127441406
2016-05-24 19:00:00,123.33333333333331,97.23430702299565,136.66666666666666,120.0,123.33333333333331,136.69205263703242,157.0175438596491,114.01293139591584,111.8084453261443,115.19462015990855,138.03228759765625,166.57078552246094,135.28143310546875,114.8251724243164
2016-05-24 20:00:00,96.66666666666669,97.23430702299565,136.66666666666666,105.0,118.33333333333331,136.71743860739818,145.96491228070172,111.27471524849693,108.28724700758578,110.75855397298021,116.85222625732422,128.75367736816406,121.0234146118164,101.94668579101562
2016-05-24 21:00:00,76.66666666666667,97.23430702299565,136.66666666666666,68.33333333333333,65.0,136.74282457776394,91.3157894736842,77.14781624437349,73.5894018171118,75.50181816509941,63.612701416015625,85.75563049316406,78.5705337524414,69.11767578125
2016-05-24 22:00:00,61.66666666666666,97.23430702299565,136.66666666666666,63.333333333333336,46.66666666666666,136.76821054812973,61.9298245614035,58.99880442451685,54.99514883828475,56.71527928359617,55.13218688964844,69.357666015625,74.98861694335938,59.21018600463867
2016-05-24 23:00:00,58.333333333333336,97.23430702299565,136.66666666666666,58.333333333333336,55.0,136.7935965184955,64.47368421052632,57.990819337301325,53.61589731197612,52.433563897986886,49.91770553588867,67.0499496459961,65.42472076416016,56.35828399658203
2016-05-25 00:00:00,53.333333333333336,97.23430702299565,136.66666666666666,50.0,51.66666666666666,136.81898248886125,52.017543859649116,51.95602464815299,39.257554107933856,37.04043624864556,56.479976654052734,55.33980178833008,58.543701171875,54.500732421875
2016-05-25 01:00:00,53.333333333333336,97.23430702299565,136.66666666666666,56.66666666666666,53.333333333333336,136.844368459227,52.5438596491228,52.70380087327508,39.797406059560544,37.28189176317248,56.102882385253906,53.04597854614258,53.85029602050781,53.45623779296875
2016-05-25 02:00:00,56.66666666666666,97.23430702299565,136.66666666666666,55.0,55.0,136.86975442959277,49.122807017543856,52.02055147819226,38.952673552126484,36.40646688721493,56.30133819580078,53.3792610168457,55.09294509887695,54.050819396972656
2016-05-25 03:00:00,48.333333333333336,97.23430702299565,136.66666666666666,53.333333333333336,51.66666666666666,136.89514039995854,48.421052631578945,51.36216057651142,38.169282223852605,36.3352114864116,56.33262252807617,52.33158874511719,56.2337760925293,52.693504333496094
2016-05-25 04:00:00,55.0,97.23430702299565,136.66666666666666,53.333333333333336,51.66666666666666,136.9205263703243,51.84210526315789,52.270369069103616,38.98114636122088,37.37564039481683,58.85071563720703,55.28514862060547,57.216651916503906,53.570125579833984
2016-05-25 05:00:00,55.0,97.23430702299565,136.66666666666666,106.66666666666669,65.0,136.94591234069009,55.08771929824562,62.40296536334877,49.04480942750925,47.22557527369699,70.86438751220703,64.48609161376953,84.31214904785156,63.24848937988281
2016-05-25 06:00:00,55.0,97.23430702299565,136.66666666666666,71.66666666666667,70.0,136.97129831105585,74.64912280701753,67.10408080870437,53.680794798327554,51.66047070222969,86.26113891601562,81.45279693603516,70.69810485839844,69.73489379882812
2016-05-25 07:00:00,65.0,97.23430702299565,136.66666666666666,161.66666666666666,53.333333333333336,136.9966842814216,72.54385964912281,92.53749961626447,79.08841089094304,76.92875671736111,83.76525115966797,87.99164581298828,84.67095184326172,75.82660675048828
2016-05-25 08:00:00,83.33333333333333,97.23430702299565,136.66666666666666,56.66666666666666,61.66666666666666,137.02207025178737,113.50877192982455,109.79984393739824,96.26507725105523,94.4999206071667,100.080810546875,93.286865234375,82.90557861328125,74.52739715576172
2016-05-25 09:00:00,90.0,97.23430702299565,136.66666666666666,38.333333333333336,65.0,137.04745622215313,117.63157894736842,100.18463992844983,86.66517693902429,85.27918385405955,83.34747314453125,102.23165893554688,119.66606140136719,63.38337707519531
2016-05-25 10:00:00,78.33333333333333,97.23430702299565,136.66666666666666,66.66666666666667,58.333333333333336,137.0728421925189,94.64912280701753,117.03030183332619,103.48621678381079,101.70659957449374,74.37112426757812,116.19868469238281,100.0709457397461,65.49788665771484
2016-05-25 11:00:00,50.0,97.23430702299565,136.66666666666666,101.66666666666669,70.0,137.09822816288465,77.19298245614036,126.19540713852794,112.61419120881669,110.34802440604568,59.19711685180664,93.52926635742188,107.09622955322266,64.42646026611328
2016-05-25 12:00:00,60.0,97.23430702299565,136.66666666666666,128.33333333333334,56.66666666666666,137.12361413325044,72.63157894736842,111.25432483648669,97.69984138837093,95.92275464002235,48.184326171875,117.93904113769531,85.69953918457031,64.89886474609375
2016-05-25 13:00:00,71.66666666666667,97.23430702299565,136.66666666666666,118.33333333333331,86.66666666666667,137.1490001036162,81.3157894736842,113.05338100540243,99.48040006723286,98.33400719745424,53.9109001159668,85.66789245605469,79.35755157470703,70.56538391113281
2016-05-25 14:00:00,80.0,97.23430702299565,136.66666666666666,150.0,81.66666666666667,137.17438607398196,107.01754385964912,105.43620946961974,91.86265265747357,91.70897215491036,64.04019927978516,91.15455627441406,87.63566589355469,75.79945373535156
2016-05-25 15:00:00,80.0,97.23430702299565,136.66666666666666,141.66666666666666,83.33333333333333,137.19977204434772,89.91228070175438,105.61002789154686,92.0240497438518,92.02960972068188,62.47377395629883,105.54734802246094,85.07546997070312,77.65048217773438
2016-05-25 16:00:00,231.66666666666663,97.23430702299565,136.66666666666666,141.66666666666666,105.0,137.2251580147135,103.33333333333333,118.65519255730376,105.0879121537786,103.00281395744837,79.06227111816406,119.64868927001953,95.76786804199219,91.94473266601562
2016-05-25 17:00:00,118.33333333333331,97.23430702299565,136.66666666666666,203.33333333333331,118.33333333333331,137.25054398507925,133.94736842105263,190.6796940813684,177.0271960949589,173.9503294111195,141.0050811767578,203.661865234375,157.8363800048828,166.8070068359375
2016-05-25 18:00:00,156.66666666666666,97.23430702299565,136.66666666666666,136.66666666666666,178.33333333333334,137.275929955445,201.7543859649123,157.8288590233328,144.31469774795508,142.21842480982627,171.0165252685547,163.48365783691406,157.3079376220703,140.63902282714844
2016-05-25 19:00:00,118.33333333333331,97.11854822126259,156.66666666666666,123.33333333333331,143.33333333333334,156.69803558572457,151.05263157894737,112.88048674215169,107.77928195078958,105.11556374683099,132.62408447265625,130.98385620117188,111.7773208618164,113.81543731689453
2016-05-25 20:00:00,190.0,97.11854822126259,156.66666666666666,96.66666666666669,223.33333333333331,156.72940450478245,137.5438596491228,109.24282933623414,102.15000592362848,99.50402142139828,112.73413848876953,107.23429870605469,101.87163543701172,99.99050903320312
2016-05-25 21:00:00,56.66666666666666,97.11854822126259,156.66666666666666,76.66666666666667,81.66666666666667,156.76077342384036,104.82456140350877,76.34755462721374,67.75991283187636,66.56371942812444,63.06105041503906,74.29285430908203,84.84025573730469,66.12557983398438
2016-05-25 22:00:00,53.333333333333336,97.11854822126259,156.66666666666666,61.66666666666666,51.66666666666666,156.79214234289827,69.56140350877193,58.340379123728574,48.5925593707784,48.09138138769975,57.17580795288086,63.50062942504883,47.9672966003418,57.88282775878906
2016-05-25 23:00:00,53.333333333333336,97.11854822126259,156.66666666666666,58.333333333333336,56.66666666666666,156.82351126195618,53.859649122807014,57.43597886301435,46.77440721116889,46.49093951684348,52.001930236816406,56.750675201416016,50.96097946166992,55.482730865478516
2016-05-26 00:00:00,53.333333333333336,97.11854822126259,156.66666666666666,53.333333333333336,51.66666666666666,156.85488018101407,49.03508771929825,51.64460040457093,47.3614246834923,45.83856497974415,54.1717643737793,54.47926330566406,49.290863037109375,53.776981353759766
2016-05-26 01:00:00,55.0,97.11854822126259,156.66666666666666,53.333333333333336,51.66666666666666,156.88624910007198,49.122807017543856,52.321026176354096,47.50776717223145,45.566062430915935,56.6915283203125,58.28474807739258,50.64560317993164,54.34379959106445
2016-05-26 02:00:00,50.0,97.11854822126259,156.66666666666666,56.66666666666666,50.0,156.9176180191299,48.33333333333333,51.99082367980114,46.772137736621985,44.50107136713423,54.276512145996094,63.67392349243164,52.928550720214844,54.28193664550781
2016-05-26 03:00:00,56.66666666666666,97.11854822126259,156.66666666666666,48.333333333333336,51.66666666666666,156.9489869381878,46.228070175438596,50.92572552589293,45.39307060907028,43.14048669625964,54.58317184448242,61.948150634765625,54.30906677246094,51.945838928222656
2016-05-26 04:00:00,50.0,97.11854822126259,156.66666666666666,55.0,56.66666666666666,156.98035585724568,47.19298245614035,52.264879062309134,46.49335174438274,44.00160656383777,54.92593002319336,48.692108154296875,52.10558319091797,52.48345184326172
2016-05-26 05:00:00,56.66666666666666,97.11854822126259,156.66666666666666,55.0,55.0,157.0117247763036,52.89473684210526,60.88492551106488,54.91591012358479,51.68478241630795,59.25395965576172,81.82352447509766,66.23663330078125,61.50178146362305
2016-05-26 06:00:00,61.66666666666666,97.11854822126259,156.66666666666666,55.0,58.333333333333336,157.0430936953615,49.73684210526316,66.14619354768894,60.041537813519525,56.84670655197175,70.94731140136719,176.2934112548828,71.74897003173828,64.58708190917969
2016-05-26 07:00:00,100.0,97.11854822126259,156.66666666666666,65.0,50.0,157.07446261441942,77.63157894736842,89.2686108004039,83.04562340237572,79.63959291650686,99.68751525878906,92.20011138916016,70.15525817871094,74.36168670654297
2016-05-26 08:00:00,156.66666666666666,97.11854822126259,156.66666666666666,83.33333333333333,53.333333333333336,157.1058315334773,87.89473684210526,109.17532232552215,102.86454993726245,98.8007266275956,99.61217498779297,99.47280883789062,93.27562713623047,69.27976989746094
2016-05-26 09:00:00,276.6666666666667,97.11854822126259,156.66666666666666,90.0,36.66666666666666,157.1372004525352,89.2982456140351,100.78962582342709,94.46067949640354,90.027828310069,81.89016723632812,107.91731262207031,115.66446685791016,60.531612396240234
2016-05-26 10:00:00,265.0,97.11854822126259,156.66666666666666,78.33333333333333,55.0,157.16856937159312,101.66666666666667,115.59336371839565,109.20094423215369,104.70053507810597,78.09207916259766,111.3861312866211,178.26904296875,61.70845413208008
2016-05-26 11:00:00,243.33333333333331,97.11854822126259,156.66666666666666,50.0,51.66666666666666,157.19993829065103,108.50877192982455,121.8430870736382,115.37517127223067,110.73112190273608,72.2418441772461,96.27391815185547,171.94602966308594,57.97468185424805
2016-05-26 12:00:00,221.66666666666663,97.11854822126259,156.66666666666666,60.0,55.0,157.23130720970892,105.26315789473684,107.62102011402604,101.15049689056707,94.89807072629684,51.62563705444336,88.83448791503906,159.354736328125,57.96299362182617
2016-05-26 13:00:00,75.0,97.11854822126259,156.66666666666666,71.66666666666667,50.0,157.26267612876683,96.40350877192982,110.2984652762538,103.80295580140492,95.61577094490087,50.39332580566406,106.8800277709961,142.33163452148438,61.171878814697266
2016-05-26 14:00:00,68.33333333333333,97.11854822126259,156.66666666666666,80.0,63.333333333333336,157.29404504782474,77.63157894736842,102.87549601453115,96.35761970344086,89.31537083135868,49.21677017211914,105.10322570800781,112.39122009277344,65.01217651367188
2016-05-26 15:00:00,61.66666666666666,97.11854822126259,156.66666666666666,80.0,81.66666666666667,157.32541396688265,71.49122807017544,103.21909051790759,96.68445580338323,89.1745474746468,49.66185760498047,106.96648406982422,76.92640686035156,68.8958740234375
2016-05-26 16:00:00,495.0,97.11854822126259,156.66666666666666,231.66666666666663,90.0,157.35678288594053,101.40350877192982,125.34518150823979,118.85421874000724,108.40870427293156,68.80516052246094,128.18045043945312,103.85472106933594,90.89285278320312
2016-05-26 17:00:00,440.0,97.11854822126259,156.66666666666666,118.33333333333331,208.33333333333331,157.38815180499844,165.96491228070172,185.81360663644,179.20399725050294,168.69416096085249,160.18760681152344,185.31216430664062,237.37571716308594,159.88577270507812
2016-05-26 18:00:00,215.0,97.11854822126259,156.66666666666666,156.66666666666666,120.0,157.41952072405635,219.12280701754383,158.19390306997414,151.73956712940253,142.74969777936641,172.033203125,180.28945922851562,268.26739501953125,130.09735107421875
2016-05-26 19:00:00,223.33333333333331,97.46836088997753,215.0,118.33333333333331,98.33333333333331,215.0490045941807,136.05263157894737,198.59847037385015,194.41564893125582,192.99780706012348,147.43804931640625,157.64747619628906,218.37046813964844,123.76522827148438
2016-05-26 20:00:00,91.66666666666669,97.46836088997753,215.0,190.0,118.33333333333331,215.0980091883614,116.75438596491226,180.75299458167845,175.32347543321498,173.92565323908116,118.78948974609375,120.15677642822266,213.72787475585938,102.0690689086914
2016-05-26 21:00:00,76.66666666666667,97.46836088997753,215.0,56.66666666666666,66.66666666666667,215.1470137825421,91.66666666666667,126.16462135974709,119.93055569035248,120.01145010186825,80.73783111572266,80.20661163330078,92.53121948242188,68.23818969726562
2016-05-26 22:00:00,70.0,97.46836088997753,215.0,53.333333333333336,50.0,215.1960183767228,58.24561403508771,97.40624878814128,90.68751835246486,91.88387153468572,61.89639663696289,55.521820068359375,65.2678451538086,57.994483947753906
2016-05-26 23:00:00,65.0,97.46836088997753,215.0,53.333333333333336,56.66666666666666,215.24502297090353,51.40350877192982,87.6336612039703,80.61627905794506,81.19134938184858,53.538333892822266,62.19481658935547,62.870506286621094,54.51708221435547
2016-05-27 00:00:00,60.0,97.46836088997753,215.0,53.333333333333336,51.66666666666666,215.29402756508424,48.421052631578945,75.25944186163404,84.77271223455955,83.62129905849122,57.64616775512695,59.15545654296875,59.297672271728516,53.92921829223633
2016-05-27 01:00:00,58.333333333333336,97.46836088997753,215.0,55.0,51.66666666666666,215.34303215926494,48.421052631578945,70.65643779390705,80.1147898705254,78.33938385316178,59.83045959472656,55.83369827270508,59.99138259887695,55.22528076171875
2016-05-27 02:00:00,50.0,97.46836088997753,215.0,50.0,36.66666666666666,215.39203675344564,49.29824561403509,65.8151038468667,75.2736999661966,73.17589073376053,60.20442581176758,61.23982620239258,59.51559066772461,54.43926239013672
2016-05-27 03:00:00,58.333333333333336,97.46836088997753,215.0,56.66666666666666,58.333333333333336,215.44104134762634,47.63157894736842,62.19698045156532,71.69258999983225,70.11118292802863,61.14332580566406,69.21812438964844,57.889381408691406,52.42876052856445
2016-05-27 04:00:00,58.333333333333336,97.46836088997753,215.0,50.0,51.66666666666666,215.49004594180704,48.421052631578945,60.44691319092007,69.99201191780635,68.95480118854893,62.656734466552734,63.41023254394531,57.44878005981445,51.49720001220703
2016-05-27 05:00:00,58.333333333333336,97.46836088997753,215.0,56.66666666666666,61.66666666666666,215.53905053598774,48.85964912280702,67.21601622349743,76.81092924136662,74.15814516416083,69.95549774169922,68.99917602539062,57.38145446777344,53.365997314453125
2016-05-27 06:00:00,63.333333333333336,97.46836088997753,215.0,61.66666666666666,66.66666666666667,215.58805513016844,73.33333333333333,71.0974634026022,80.7608881132688,77.95783963878705,122.06591796875,115.01148986816406,59.677364349365234,66.5987319946289
2016-05-27 07:00:00,111.66666666666669,97.46836088997753,215.0,100.0,80.0,215.63705972434917,103.85964912280701,94.32272457078967,104.04323227999909,100.63802998033827,120.0127944946289,136.0758819580078,94.72801208496094,112.39812469482422
2016-05-27 08:00:00,130.0,97.46836088997753,215.0,156.66666666666666,126.66666666666669,215.68606431852987,127.89473684210526,115.71828923922638,125.49631238182516,122.84053876030262,137.80418395996094,136.5048370361328,122.80886840820312,151.54835510253906
2016-05-27 09:00:00,251.66666666666663,97.46836088997753,215.0,276.6666666666667,73.33333333333333,215.73506891271057,145.43859649122805,114.49374737908414,124.38352666842849,120.9419415228206,120.19744110107422,117.36125946044922,128.86227416992188,163.29039001464844
2016-05-27 10:00:00,251.66666666666663,97.46836088997753,215.0,265.0,81.66666666666667,215.78407350689127,134.64912280701756,127.64558692703073,137.56872837178642,132.76047211463086,130.4984130859375,120.62825775146484,155.07504272460938,169.87442016601562
2016-05-27 11:00:00,310.0,97.46836088997753,215.0,243.33333333333331,73.33333333333333,215.83307810107198,164.03508771929825,132.44078634484032,142.3717996861332,137.3612101799231,115.9891586303711,136.40626525878906,205.38417053222656,188.45538330078125
2016-05-27 12:00:00,185.0,97.46836088997753,215.0,221.66666666666663,71.66666666666667,215.88208269525268,169.47368421052633,116.92558869905304,126.90275684674802,120.52355687246661,89.38499450683594,154.4992218017578,163.6103057861328,167.66204833984375
2016-05-27 13:00:00,265.0,97.46836088997753,215.0,75.0,61.66666666666666,215.93108728943338,137.89473684210526,109.68614676650405,119.6546804278021,113.87629407480551,76.6415023803711,85.7928695678711,173.94117736816406,152.9614715576172
2016-05-27 14:00:00,101.66666666666669,97.46836088997753,215.0,68.33333333333333,60.0,215.98009188361408,129.12280701754383,101.79450243525166,111.77447698093134,107.1377437936778,57.33236312866211,76.9725341796875,160.2899932861328,132.8346710205078
2016-05-27 15:00:00,76.66666666666667,97.46836088997753,215.0,61.66666666666666,46.66666666666666,216.02909647779478,126.84210526315789,101.55566532806985,111.54937272775766,106.31634776853863,42.02021026611328,64.96206665039062,142.27590942382812,123.59512329101562
2016-05-27 16:00:00,135.0,97.46836088997753,215.0,495.0,48.333333333333336,216.0781010719755,128.1578947368421,146.979231097732,157.07203949541585,151.04859578839688,89.11502838134766,132.02516174316406,125.20755767822266,137.65956115722656
2016-05-27 17:00:00,180.0,97.46836088997753,215.0,440.0,75.0,216.1271056661562,147.98245614035088,203.66563497783267,213.706546073427,209.5140200463166,128.7482452392578,213.54832458496094,172.23829650878906,172.97537231445312
2016-05-27 18:00:00,430.0,97.46836088997753,215.0,215.0,78.33333333333333,216.1761102603369,171.22807017543857,162.06024656479275,172.20291879725374,169.16015703157285,215.77723693847656,209.30453491210938,176.39523315429688,157.72518920898438
