date,actual,sarimax_target_only_lower,sarimax_target_only_median,sarimax_target_only_upper,sarimax_calendar_lower,sarimax_calendar_median,sarimax_calendar_upper,sarimax_lower,sarimax_median,sarimax_upper,foundation_model_lower,foundation_model_median,foundation_model_upper
2016-05-13 19:00:00,208.33333333333331,138.4588134119694,217.41911628308094,296.3794191541925,140.96668256495954,219.8694513801064,298.7722201952532,142.12065203396156,220.9805055762818,299.840359118602,85.27983093261719,147.57376098632812,277.67584228515625
2016-05-13 20:00:00,120.0,97.8003676648346,182.4459616891106,267.0915557133866,101.36196278932553,185.88268586455786,270.4034089397902,102.93548554079082,187.39417268661748,271.85285983244415,77.13531494140625,109.84117889404297,185.23388671875
2016-05-13 21:00:00,63.333333333333336,44.013323096559574,131.87638919912868,219.73945530169777,48.6368202274637,136.27072617623787,223.90463212501203,53.02921835020379,140.57547246189426,228.12172657358474,62.75078582763672,77.57862854003906,112.10070037841797
2016-05-13 22:00:00,55.0,15.371591827695966,105.09965624400385,194.82772066031174,20.928908602558877,110.3300513124436,199.73119402232834,26.291405225380927,115.58191049776131,204.87241577014169,55.72537612915039,62.91168212890625,74.50791931152344
2016-05-13 23:00:00,61.66666666666666,-1.9154883710154138,88.90722377907778,179.72993592917098,4.481183348978803,94.89799365590328,185.31480396282774,10.573790649098086,100.86188400011143,191.1499773511248,51.625579833984375,57.00767517089844,66.04098510742188
2016-05-14 00:00:00,58.333333333333336,-12.297747116705224,79.17192772884346,170.64160257439215,-14.283722610217055,76.72074896963852,167.7252205494941,-10.519546754715094,80.34291484120726,171.20537643712962,50.18040084838867,55.3895149230957,62.95643997192383
2016-05-14 01:00:00,63.333333333333336,-18.427179094388123,73.42638352582004,165.2799461460282,-19.79407781806613,71.55169636922763,162.8974705565214,-17.95324483974298,73.24114737698744,164.43553959371786,49.5987434387207,54.9869270324707,61.69163131713867
2016-05-14 02:00:00,60.0,-23.71286281899937,68.36901268403584,160.45088818707103,-24.55488706190866,66.98953603583604,158.53395913358074,-23.7365686543736,67.65005437223994,159.03667739885347,48.634395599365234,53.65080261230469,61.31821823120117
2016-05-14 03:00:00,60.0,-28.30019411182377,63.917652042765354,156.13549819735448,-28.7036498998864,62.95653649189131,154.616722883669,-27.55076163845598,63.947323042010694,155.44540772247737,48.30430221557617,53.60067367553711,61.572940826416016
2016-05-14 04:00:00,60.0,-31.055693837086864,61.243193940213686,153.54208171751424,-31.09659647554951,60.63109978956103,152.35879605467156,-27.329095531290733,64.23366344039636,155.79642241208344,47.3287353515625,52.55177307128906,62.1414794921875
2016-05-14 05:00:00,56.66666666666666,-24.13513894266056,68.21207449244326,160.55928792754708,-23.892010437399023,67.87507209964845,159.64215463669592,-19.4836642623398,72.11663637262407,163.71693700758794,47.54178237915039,53.18195343017578,69.75762939453125
2016-05-14 06:00:00,63.333333333333336,-14.184218297244144,78.19182020848501,170.56785871421417,-13.676801458629157,78.11326520152868,169.90333186168652,-9.362023346782166,82.26007430695138,173.88217196068493,47.6739616394043,56.06193923950195,93.77399444580078
2016-05-14 07:00:00,113.33333333333331,12.694749927691447,105.08798478136444,197.48121963503743,13.373471337402705,105.17695243566865,196.98043353393462,18.249024065013046,109.88377897872627,201.5185338924395,51.21873092651367,84.46195220947266,196.89512634277344
2016-05-14 08:00:00,133.33333333333334,31.250384579789966,123.65387939476307,216.05737420973617,32.15973801313707,123.97104895148584,215.7823598898346,36.592274674193675,128.23438008228206,219.87648549037044,62.448997497558594,134.96331787109375,329.23651123046875
2016-05-14 09:00:00,118.33333333333331,16.211927470920273,108.62154411573792,201.03116076055557,17.236314729888235,109.05219606833374,200.86807740677926,21.138048429753965,112.78442271127962,204.43079699280526,67.1453857421875,171.62579345703125,374.91705322265625
2016-05-14 10:00:00,158.33333333333334,22.907305374835957,115.32057487365057,207.73384437246517,24.061317694999815,115.879866922454,207.69841614990818,28.09409503018685,119.74294856873256,211.39180210727827,70.7465591430664,195.5902099609375,386.6744689941406
2016-05-14 11:00:00,96.66666666666669,32.97781532292912,125.39326450122846,217.80871367952778,34.30719283174186,126.12729941706016,217.94740600237844,37.69299726663496,129.34329071908667,220.99358417153837,77.81962585449219,211.63235473632812,416.86553955078125
2016-05-14 12:00:00,116.66666666666669,24.73794761348981,117.15469743590728,209.57144725832475,26.099232872780533,117.92024856140051,209.7412642500205,31.997795480105026,123.64892521963372,215.30005495916242,75.59586334228516,188.67141723632812,399.9154052734375
2016-05-14 13:00:00,113.33333333333331,17.960726390740163,110.37825233085499,202.79577827096983,19.39973647731,111.22128285534131,203.04282923337263,26.32292386578051,117.97453931464185,209.62615476350317,69.60582733154297,170.93252563476562,373.898193359375
2016-05-14 14:00:00,106.66666666666669,15.340309336737661,107.75829840191,200.17628746708232,16.814846575049046,108.63670274382153,200.45855891259401,22.64463447851884,114.29653202419593,205.948429569873,63.81306076049805,140.74905395507812,346.1258239746094
2016-05-14 15:00:00,130.0,7.36715726960081,99.7854226885236,192.2036881074464,8.85884995777144,100.68088696448248,192.50292397119352,15.864512088332674,107.5165734710697,199.16863485380674,63.072120666503906,135.918212890625,347.28582763671875
2016-05-14 16:00:00,111.66666666666669,39.379250127083424,131.7976804242578,224.2161107214322,40.90646745858129,132.72860999985178,224.55075254112228,47.98290035183447,139.63505685984623,231.287213367858,69.83802032470703,153.1941680908203,379.937255859375
2016-05-14 17:00:00,241.66666666666663,91.46098919206854,183.87951770742853,276.2980462227885,92.90452978413377,184.72673374636952,276.54893770860525,100.79300588020297,192.4452174530831,284.09742902596327,71.6890869140625,166.54127502441406,379.208740234375
2016-05-14 18:00:00,166.66666666666666,89.30132786268508,181.71991435290158,274.1385008431181,90.91114541660795,182.733384599313,274.5556237820181,99.62343223805108,191.27567508681275,282.92791793557444,74.15570068359375,151.49200439453125,336.7578125
2016-05-14 19:00:00,90.0,50.607502087567795,129.56779872474658,208.52809536192535,50.902844681244446,129.80560703469155,208.70836938813864,53.693854120425755,132.55370059270382,211.41354706498188,86.88461303710938,116.72003173828125,181.03839111328125
2016-05-14 20:00:00,86.66666666666667,26.620520294143347,111.26610766685256,195.91169503956178,27.119685528671397,111.64040171411575,196.1611178995601,29.207924129191554,113.66660373797689,198.12528334676222,77.49922943115234,98.38116455078125,138.5753631591797
2016-05-14 21:00:00,75.0,-12.334332047774595,75.52872716848124,163.3917863847371,-11.60083173110668,76.03306709237832,163.66696591586333,-8.930189737261188,78.61605658148139,166.16230290022395,64.25729370117188,76.7830810546875,97.47551727294922
2016-05-14 22:00:00,61.66666666666666,-28.00441932178822,61.723638072777945,151.4516954673441,-27.10101180534616,62.30012364624028,151.70125909782672,-25.273216051449424,64.01728128406228,153.30777861957398,58.179840087890625,65.49490356445312,78.70149993896484
2016-05-14 23:00:00,48.333333333333336,-34.74895033880173,56.073754710299916,146.89645975940155,-33.696051698333505,56.72075127409738,147.13755424652828,-33.37862504925136,56.90946028281808,147.19754561488753,54.44797134399414,61.39547348022461,70.42716217041016
2016-05-15 00:00:00,53.333333333333336,-37.66330682646512,53.806360871339066,145.27602856914325,-35.01682028384472,55.98764391751841,146.99210811888156,-35.36143690792227,55.50101662188406,146.3634701516904,53.26338577270508,59.92603302001953,67.0721435546875
2016-05-15 01:00:00,55.0,-37.610385145953074,54.24317029879877,146.09672574355062,-34.87378955026156,56.47197723301626,147.81774401629409,-34.87092590121612,56.32345822216576,147.51784234554765,53.13908004760742,59.48017120361328,66.46188354492188
2016-05-15 02:00:00,51.66666666666666,-38.682714325709966,53.39915398539793,145.48102229650584,-35.878695299612986,55.66572037927058,147.21013605815415,-35.79351900425047,55.59309591325294,146.97971083075635,51.8416633605957,59.19887924194336,65.78390502929688
2016-05-15 03:00:00,40.0,-39.747679191489226,52.47015976136687,144.68799871422297,-36.8909087278835,54.769270236385466,146.42944920065443,-36.631184596310874,54.8668919659098,146.36496852813048,51.096099853515625,57.08510208129883,65.83181762695312
2016-05-15 04:00:00,51.66666666666666,-39.64028251211891,52.65859805760541,144.95747862732972,-36.74190720092922,54.98578163163073,146.71347046419066,-35.94113050896037,55.62162033918082,147.18437118732203,50.29692840576172,56.863399505615234,66.56349182128906
2016-05-15 05:00:00,56.66666666666666,-31.41397627916932,60.933229944874356,153.28043616891802,-28.50338949603598,63.26368560551981,155.03076070707561,-26.935368787592537,64.66492372074936,156.26521622909127,50.23508834838867,57.25381088256836,71.54280853271484
2016-05-15 06:00:00,51.66666666666666,-21.777792204784475,70.59823908780665,162.97427038039777,-18.857133567529345,72.93292565542066,164.72298487837065,-17.77483461165417,73.84725491367155,165.46934443899727,50.98002624511719,60.767845153808594,89.23603057861328
2016-05-15 07:00:00,93.33333333333331,7.690591655251069,100.08381929454652,192.47704693384196,10.602622879317082,102.40609653937369,194.2095701994303,11.381685074117925,103.01643185838637,194.65117864265483,54.53771209716797,76.82202911376953,145.31687927246094
2016-05-15 08:00:00,118.33333333333331,24.257843802162384,116.6613314020185,209.06481900187464,27.193552948195148,119.00485644775014,210.81615994730515,29.762186243078318,121.40428352111984,213.04638079916134,62.371376037597656,101.62989044189453,225.57867431640625
2016-05-15 09:00:00,101.66666666666669,14.744622871538382,107.15423230079807,199.56384173005776,17.75736349045765,109.5732373897684,201.38911128907915,21.14782225523946,112.79418840636873,204.440554557498,60.91462326049805,107.22823333740234,250.3538818359375
2016-05-15 10:00:00,108.33333333333331,24.66148592217766,117.07474820517155,209.48801048816543,27.718451479720642,119.53699326784132,211.355535055962,30.745705316167445,122.39455072411408,214.0433961320607,60.59770202636719,105.56694030761719,269.65643310546875
2016-05-15 11:00:00,105.0,24.910779544256556,117.32622150657907,209.7416634689016,27.94303988953409,119.76313903540347,211.58323818127286,31.34405368311792,122.99433900485336,214.6446243265888,57.83950424194336,84.44709777832031,210.6334686279297
2016-05-15 12:00:00,96.66666666666669,19.735369981498167,112.15211258784736,204.56885519419654,22.75706983966046,114.57807808876574,206.399086337871,26.98742802599402,118.63854963473989,210.28967124348577,56.64557647705078,79.91912841796875,194.4599151611328
2016-05-15 13:00:00,136.66666666666666,13.985075861819567,106.40259458581815,198.82011330981675,17.040572095556513,108.86211103404129,200.68364997252607,20.647805228189867,112.2994125462359,203.95101986428193,56.53929901123047,76.20558166503906,175.22402954101562
2016-05-15 14:00:00,88.33333333333333,10.20063592533684,102.61861777440208,195.03659962346734,13.228710312160018,105.05055904140636,196.8724077706527,15.260034984078985,106.91192439895968,198.5638138138404,57.29033279418945,78.92987823486328,177.88531494140625
2016-05-15 15:00:00,93.33333333333331,6.642477187393126,99.06073539049054,191.47899359358794,9.700172294473788,101.52220186196038,193.34423142944698,10.289819806704074,101.94187305894235,193.5939263111806,57.3319091796875,79.25611877441406,189.783447265625
2016-05-15 16:00:00,143.33333333333334,33.10222163783203,125.52064472172233,217.93906780561264,36.113896335417024,127.93603144015798,219.75816654489893,35.65533108373607,127.30747946394058,218.95962784414507,61.11211013793945,94.17613983154297,226.09890747070312
2016-05-15 17:00:00,236.66666666666663,93.82648060679566,186.24500192444265,278.66352324208964,96.81559629479634,188.63779283746123,280.4599893801261,97.37717624508099,189.02937970680426,280.68158316852754,76.89629364013672,150.0543212890625,308.755615234375
2016-05-15 18:00:00,98.33333333333331,84.62106709847292,177.03964645314403,269.45822580781515,87.69421994994106,179.51645177563873,271.3386836013364,91.6373231057158,183.28955791099017,274.94179271626456,78.08292388916016,139.3553009033203,280.8876953125
2016-05-15 19:00:00,96.66666666666669,22.01784819288254,100.97813911578623,179.93843003868994,22.997146905299815,101.89990333353107,180.80265976176233,26.553704801344168,105.4135447847205,184.27338476809683,76.00665283203125,99.7229995727539,147.54356384277344
2016-05-15 20:00:00,246.66666666666663,6.0056644908811165,90.65124576649488,175.29682704210865,7.600629985595603,92.1213398532779,176.6420497209602,9.355575159520754,93.81424785079128,178.2729205420618,71.82426452636719,89.37841796875,119.63850402832031
2016-05-15 21:00:00,203.33333333333331,-26.68874014431787,61.174312759664296,149.03736566364645,-24.602360416074788,63.03153187369939,150.66542416347357,-26.823066238862182,60.72317292749379,148.26941209384978,60.35124969482422,70.57977294921875,85.4591293334961
2016-05-15 22:00:00,86.66666666666667,-39.12704929192975,50.60100166622351,140.32905262437677,-36.720864021647785,52.680264774261815,142.08139357017143,-41.596016886119486,47.694473164914726,136.98496321594894,55.2994270324707,61.0228157043457,71.1982192993164
2016-05-15 23:00:00,83.33333333333333,-44.05571474354907,46.76698379649607,137.58968233654122,-41.41873562190746,48.99806062497734,139.41485687186213,-46.82752105022399,43.46055692203912,133.74863489430223,52.4928092956543,57.57887649536133,64.84112548828125
2016-05-16 00:00:00,61.66666666666666,-44.50713243428347,46.96252871160852,138.4321898575005,-31.82618660149795,59.17827083397327,150.1827282694445,-37.41391952664634,53.448526600058955,144.31097272676425,51.724369049072266,56.49403381347656,62.38575744628906
2016-05-16 01:00:00,53.333333333333336,-42.94291887320221,48.91062999423564,140.76417886167349,-30.1558118370101,61.18994815697139,152.53570815095287,-35.90137733606196,55.29299935922476,146.4873760545115,51.32128143310547,56.245784759521484,61.92824172973633
2016-05-16 02:00:00,56.66666666666666,-42.94036266353566,49.141499055160274,141.2233607738562,-30.084992439715215,61.45941643625937,153.00382531223394,-35.88293773484743,55.50366974009479,146.89027721503703,50.729827880859375,55.37974166870117,61.180171966552734
2016-05-16 03:00:00,53.333333333333336,-43.794663515265896,48.42316883618996,140.64100118764583,-30.898796874969022,60.761375278461315,152.42154743189167,-36.294617033815435,55.20345207745914,146.70152118873372,49.56190490722656,53.96634292602539,60.35984420776367
2016-05-16 04:00:00,55.0,-42.249504268536825,50.04936969443112,142.34824365739905,-29.325057143321793,62.402624873776254,154.1303068908743,-34.412154143457514,57.15058924887332,148.71333264120415,49.516517639160156,54.10349655151367,65.43840026855469
2016-05-16 05:00:00,51.66666666666666,-33.44382791571214,58.903371698381655,151.25057131247544,-20.520409514228987,71.24665876916801,163.013727052565,-26.445306243074413,65.15497880663389,156.7552638563422,50.809173583984375,60.38613510131836,90.00779724121094
2016-05-16 06:00:00,53.333333333333336,-24.255955851820517,68.120068828916,160.49609350965252,-11.341795642127181,80.44825676109039,172.23830916430796,-17.7879311612395,73.83415090381358,165.45623296886666,50.454044342041016,61.757362365722656,105.75238800048828
2016-05-16 07:00:00,61.66666666666666,5.881519265930564,98.27474029223522,190.66796131853988,18.76552911805993,110.56899595746573,202.37246279687153,14.00269176385595,105.63743108690007,197.27217040994418,50.569786071777344,70.19522857666016,143.82806396484375
2016-05-16 08:00:00,88.33333333333333,23.16306418145963,115.5665451676472,207.9700261538348,36.05462069589518,127.86591737426343,219.67721405263168,33.25478839148978,124.89687820775434,216.5389680240189,50.74214553833008,69.39523315429688,158.31967163085938
2016-05-16 09:00:00,70.0,13.503875887971901,105.91347870315882,198.32308151834573,26.455852456484692,118.27171953429603,210.08758661210737,25.175317461285132,116.82167615031668,208.4680348393482,49.1280632019043,63.76286697387695,137.423095703125
2016-05-16 10:00:00,148.33333333333334,22.7339710714067,115.14722674008692,207.56048240876714,35.70421318105147,127.52274814749047,219.34128311392948,35.612778944799174,127.26161689046204,218.9104548361249,49.134422302246094,65.59306335449219,143.89187622070312
2016-05-16 11:00:00,103.33333333333331,24.16763651953744,116.58307186740319,208.99850721526894,37.12573459475796,128.94582691883983,220.7659192429217,37.296277507814224,128.94655536715834,220.59683322650244,53.12590408325195,66.9059829711914,137.49002075195312
2016-05-16 12:00:00,206.66666666666663,18.353795741125396,110.77053173293405,203.1872677247427,31.28271029533063,123.10371172258807,214.9247131498455,31.620530616585782,123.27164476287922,214.92275890917267,53.44934844970703,68.91455841064453,145.54920959472656
2016-05-16 13:00:00,266.6666666666667,15.528138687221826,107.9456507966359,200.36316290604998,28.489712045037848,120.31124416164563,212.1327762782534,28.356028564971965,120.0076284205358,211.6592282760996,54.85141372680664,71.10006713867188,148.3592529296875
2016-05-16 14:00:00,88.33333333333333,9.027403627791287,101.4453788622804,193.8633540967695,21.948586407431634,113.77042831481964,205.59227022220765,21.34161272322325,112.99349467563908,204.64537662805492,55.498817443847656,72.98173522949219,141.74913024902344
2016-05-16 15:00:00,111.66666666666669,5.491020475911924,97.90927206469144,190.32752365347096,18.42687637936281,110.24889912526776,202.0709218711727,18.129970977410764,109.78201676745732,201.43406255750386,56.130409240722656,74.2935791015625,145.28878784179688
2016-05-16 16:00:00,88.33333333333333,34.41582146801271,126.83423793991453,219.25265441181637,47.32428336870683,139.14641165433724,230.96853993996766,45.41126261397366,137.06340353445674,228.71554445493982,60.43082046508789,88.75456237792969,178.72821044921875
2016-05-16 17:00:00,243.33333333333331,95.78563875712628,188.20415347705784,280.6226681969894,108.64954792741831,200.47173766652332,292.2939274056283,103.60673482651138,195.25893084379493,286.91112686107846,97.0047836303711,173.53147888183594,292.6546325683594
2016-05-16 18:00:00,155.0,79.77403848427197,172.19261129821285,264.61118411215375,92.7145093832375,184.5367344627442,276.3589595422509,86.72562960630493,178.37785702924663,270.0300844521883,77.46563720703125,129.75511169433594,234.14096069335938
2016-05-16 19:00:00,115.0,43.22016061394763,122.1804462989139,201.1407319838802,47.86421770736749,126.76696870232344,205.6697196972794,44.54058701069616,123.40042103854084,202.26025506638553,92.892333984375,118.75691986083984,172.8672332763672
2016-05-16 20:00:00,96.66666666666669,32.41221063419488,117.05778632096238,201.70336200772988,38.977639950945175,123.49834402539696,208.01904809984876,35.78690963508302,120.2455759774395,204.70424231979598,81.7868423461914,105.08761596679688,148.46728515625
2016-05-16 21:00:00,68.33333333333333,-5.269464996224087,82.59358212167066,170.45662923956542,2.7959091565326304,90.42979545505663,178.06368175358062,1.0480881142253793,88.59432071610131,176.14055331797724,62.40266799926758,75.09043884277344,101.61058807373047
2016-05-16 22:00:00,46.66666666666666,-27.27403237287703,62.45401268539767,152.18205774367237,-18.09624263493025,71.30488005788933,160.70600275070893,-20.250269229652346,69.04021413566839,158.33069750098912,56.39197540283203,63.56753158569336,79.68476104736328
2016-05-16 23:00:00,60.0,-34.200254748578004,56.622437825000446,147.4451303985789,-24.142324857407033,66.2744652223194,156.69125530204585,-25.825442747569,64.46262846984357,154.75069968725614,52.739559173583984,58.610313415527344,68.36378479003906
2016-05-17 00:00:00,50.0,-37.862330040342556,53.60732509979951,145.07698023994158,-44.95532328393686,46.049127947379844,137.05357917869657,-45.35963269669218,45.50280663542657,136.36524596754532,50.85405349731445,56.253562927246094,64.51263427734375
2016-05-17 01:00:00,55.0,-38.274999960372305,53.57854287803131,145.43208571643493,-44.85682190587511,46.4889318624906,137.8346856308563,-45.56724417635874,45.627125701401766,136.82149557916227,49.45896530151367,54.60169219970703,62.665164947509766
2016-05-17 02:00:00,51.66666666666666,-39.0278678399617,53.05398783586057,145.13584351168282,-45.21695859808358,46.327444039792724,137.87184667766903,-46.2879738408875,45.09862680325155,136.4852274473906,49.67843246459961,55.2572021484375,62.49774932861328
2016-05-17 03:00:00,53.333333333333336,-40.61248903413783,51.60533726620533,143.8231635665485,-46.502048503307286,45.158117404753504,136.8182833128143,-47.558766857031294,43.93929541574443,135.43735768852017,48.43252944946289,53.3371696472168,61.022369384765625
2016-05-17 04:00:00,53.333333333333336,-39.887899976551324,52.410967930394264,144.70983583733985,-45.55065854386606,46.17701722362303,137.9046929911121,-47.30301245275183,44.25972409661573,135.82246064598328,48.1046028137207,53.521114349365234,66.9573974609375
2016-05-17 05:00:00,58.333333333333336,-32.249184426090636,60.09800912905351,152.44520268419765,-37.75356277645513,54.01349925485991,145.78056128617493,-39.50810725113614,52.092170953017714,143.69244915717155,51.30106735229492,62.14412307739258,91.88632202148438
2016-05-17 06:00:00,56.66666666666666,-23.608997008161637,68.76702161187933,161.14304023192028,-28.992012472739397,62.79803367695322,154.58807982664584,-30.053355749494656,61.56871946849961,153.19079468649386,51.20683288574219,64.82903289794922,110.89694213867188
2016-05-17 07:00:00,65.0,4.618730968616532,97.01194593318417,189.40516089775178,-0.7020068682220568,91.10145371681668,182.9049143018554,-0.7831144761668725,90.85161799894495,182.48635047405676,50.67839050292969,69.75469207763672,136.24639892578125
2016-05-17 08:00:00,56.66666666666666,22.116166456388896,114.51964138021816,206.92311630404743,16.88014962567769,108.69144004918745,200.5027304726972,17.24053880148918,108.8826217693143,200.52470473713942,49.588905334472656,66.38312530517578,148.212890625
2016-05-17 09:00:00,51.66666666666666,11.883829323644505,104.29342607610255,196.7030228285606,6.768386709434381,98.58424753210048,190.4001083547666,7.114736957259524,98.76108879755718,190.40744063785485,45.64145278930664,57.88397216796875,124.75708770751953
2016-05-17 10:00:00,53.333333333333336,25.426935794851005,117.84018540058156,210.25343500631212,20.392069834484133,112.2105985456108,204.02912725673747,21.188529984433146,112.83736108119137,204.4861921779496,46.455020904541016,58.44460678100586,123.80003356933594
2016-05-17 11:00:00,51.66666666666666,23.910055164141923,116.32548444892684,208.74091373371175,18.8945188613111,110.71460492998355,202.534690998656,20.282149035370125,111.9324200457109,203.58269105605166,50.07529067993164,57.87386703491211,119.10192108154297
2016-05-17 12:00:00,53.333333333333336,25.00468491384234,117.42141484249333,209.83814477114433,20.013522846046143,111.83451801783889,203.65551318963162,20.335396490655214,111.98650378788923,203.63761108512324,49.85523986816406,60.40736389160156,136.32638549804688
2016-05-17 13:00:00,41.66666666666666,25.213236012821767,117.63074205903791,210.04824810525406,20.273410435511934,112.09493629662822,203.9164621577445,21.019728249683183,112.67132125616024,204.3229142626373,50.2010612487793,62.37798309326172,133.46817016601562
2016-05-17 14:00:00,53.333333333333336,8.626463300371995,101.04443247167086,193.46240164296972,3.6484460265859866,95.47028167849966,187.29211733041333,7.780024431115621,99.43189953446064,191.08377463780567,52.12361145019531,62.01515579223633,122.63250732421875
2016-05-17 15:00:00,51.66666666666666,6.582389322749691,99.00063484857564,191.4188803744016,1.6350853852151488,93.45710187589941,185.27911836658367,7.1316057556712025,98.78364469689765,190.4356836381241,51.45932388305664,62.26097106933594,122.53482055664062
2016-05-17 16:00:00,66.66666666666667,31.718586278464556,124.13699668954806,216.55540710063156,26.7384898261584,118.56061185883412,210.38273389150984,32.40852287313555,124.06065694706568,215.7127910209958,56.35250473022461,79.1341781616211,169.37896728515625
2016-05-17 17:00:00,153.33333333333334,98.34555873301179,190.76406740520827,283.18257607740475,93.33822947252499,185.1604129729348,276.98259647334464,98.56388746446041,190.21607664921657,281.8682658339727,96.70614624023438,181.07896423339844,317.21044921875
2016-05-17 18:00:00,100.0,80.28441780307,172.70298462151058,265.1215514399512,75.38855552114221,167.2107744145594,259.0329933079766,79.92915429183138,171.58137493924752,263.2335955866637,79.25320434570312,144.22781372070312,274.8891296386719
2016-05-17 19:00:00,123.33333333333331,4.320940348693952,83.28122123235205,162.24150211601017,2.824103922791963,81.72684993556844,160.6295959483449,3.0816763505310547,81.94150491237087,160.8013334742107,83.00555419921875,102.59524536132812,136.96743774414062
2016-05-17 20:00:00,118.33333333333331,-1.7060055863012025,82.93956497750064,167.58513554130246,-3.770853021502788,80.74984574069941,165.2705445029016,-4.68790966339192,79.77075085191211,164.22941136721613,74.99880981445312,90.69403839111328,117.37747192382812
2016-05-17 21:00:00,65.0,-31.962073079640874,55.9009687344888,143.76401054861847,-34.45265055497114,53.18123024972405,140.81511105441925,-35.77993744282278,51.76628913415349,139.31251571112975,56.6728630065918,63.80862808227539,75.39773559570312
2016-05-17 22:00:00,46.66666666666666,-46.75074766065898,42.977291989545016,132.705331639749,-49.623852513419585,39.77726458301678,129.17838167945314,-51.17874434937627,38.111732879776376,127.40221010892901,52.33617401123047,56.00788879394531,61.9936637878418
2016-05-17 23:00:00,55.0,-48.42401195728113,42.3986751471892,133.22136225165954,-51.629167715160285,38.7876167094338,129.20440113402788,-54.47718463518917,35.81088038260109,126.09894540039136,50.12249755859375,53.72856521606445,59.34854507446289
2016-05-18 00:00:00,51.66666666666666,-48.981505333457534,42.48814430156776,133.95779393659305,-60.53696622496345,30.46747931729637,121.47192485955618,-62.60972005681048,28.25271303921611,119.1151461352427,49.81903076171875,53.46988296508789,58.78670883178711
2016-05-18 01:00:00,53.333333333333336,-46.461536430695325,45.39200088124813,137.24553819319158,-58.26409669860534,33.081651361024,124.42739942065334,-59.608626456955335,31.585737163658933,122.7801007842732,49.410743713378906,53.309906005859375,58.38583755493164
2016-05-18 02:00:00,55.0,-45.589287254913145,46.49256288176318,138.5744130184395,-57.60434045888532,33.94005645880847,125.48445337650226,-58.09887313301678,33.28772124179041,124.6743156165976,48.912567138671875,53.319087982177734,58.24819564819336
2016-05-18 03:00:00,51.66666666666666,-45.48095254970971,46.736868203935245,138.9546889575802,-57.67206193758986,33.988098243620826,125.64825842483151,-58.78578192463027,32.712274071750414,124.2103300681311,47.793846130371094,51.611541748046875,56.99198913574219
2016-05-18 04:00:00,51.66666666666666,-43.701149580239104,48.597712775507915,140.89657513125493,-56.042578682381134,35.68509135437043,127.41276139112199,-57.68390569666394,33.8788245722111,125.44155484108614,47.73719024658203,51.81675338745117,62.31864547729492
2016-05-18 05:00:00,65.0,-35.133792377022814,57.21339562423948,149.56058362550178,-47.609979887382565,44.15707641092723,135.92413270923703,-49.921658229566546,41.678613691716606,133.27888561299977,50.12763214111328,59.01005172729492,86.50276947021484
2016-05-18 06:00:00,70.0,-26.332586855864108,66.04342620869463,158.41943927325337,-38.920910747161344,52.86912966820286,144.65917008356706,-41.4676379097627,50.154431023980194,141.7764999577231,53.32783126831055,69.93234252929688,122.53327178955078
2016-05-18 07:00:00,53.333333333333336,1.565490740044993,93.95870014817574,186.35190955630648,-11.140319549943342,80.66313529999479,172.46659014993293,-12.430875016384803,79.20385117367395,170.83857736373272,52.870765686035156,73.17615509033203,144.17440795898438
2016-05-18 08:00:00,61.66666666666666,17.630013502879137,110.03348286970203,202.43695223652492,4.854519595281786,96.6658042832403,188.47708897119884,5.488954636284788,97.13103131859137,188.77310800089793,51.91764831542969,72.21937561035156,156.91493225097656
2016-05-18 09:00:00,65.0,8.208700394735288,100.6182915898473,193.02788278495933,-4.559490303571536,87.25636478328039,179.0722198701323,-3.8155160422207786,87.83082951228812,179.47717506679703,48.99213790893555,63.879737854003906,131.4603271484375
2016-05-18 10:00:00,58.333333333333336,19.879563899846474,112.29280794802861,204.70605199621076,7.073927535375077,98.89245051053436,190.71097348569364,8.364460883052601,100.01328569386533,191.66211050467805,49.772117614746094,63.558013916015625,127.90454864501953
2016-05-18 11:00:00,70.0,19.448077226779603,111.86350095389588,204.27892468101214,6.607496447455617,98.42757678007169,190.24765711268776,10.488159997651053,102.13842472195573,193.7886894462604,50.941123962402344,61.00764465332031,107.15998077392578
2016-05-18 12:00:00,56.66666666666666,18.580902409216833,110.99762678012874,203.41435115104065,5.671296422891302,97.49228585857695,189.3132752942626,9.86875529150636,101.51985630265281,193.17095731379925,51.718727111816406,61.58868408203125,106.54133605957031
2016-05-18 13:00:00,86.66666666666667,16.89328688224019,109.31078737068032,201.72828785912043,3.9654359412085967,95.78695606619326,187.6084761911779,8.63523864181937,100.28682536218375,191.93841208254813,54.0836067199707,65.23180389404297,110.11722564697266
2016-05-18 14:00:00,81.66666666666667,5.572963343287725,97.99092695681762,190.40889057034752,-7.359889928647021,84.46193998715071,176.28376990294845,-0.6723300665239549,90.97953875072304,182.63140756797003,56.87903594970703,68.353759765625,105.87933349609375
2016-05-18 15:00:00,83.33333333333333,3.087222522823609,95.50546249109757,187.92370245937155,-9.85204787960987,81.9699628751911,173.79197362999207,-4.4758970037858035,87.17613565157274,178.82816830693127,56.366798400878906,68.7909164428711,106.06425476074219
2016-05-18 16:00:00,105.0,28.64513241438698,121.06353726987574,213.4819421253645,15.669591815459242,107.49170811432948,199.3138244131997,19.879593487655114,111.53172127779817,203.18384906794122,61.53970718383789,79.11310577392578,133.62547302246094
2016-05-18 17:00:00,118.33333333333331,94.73398033471044,187.15248346330475,279.57098659189904,81.68725951142257,173.5094372911025,265.33161507078245,88.07899682092706,179.7311797347688,271.38336264861056,88.66695404052734,139.10513305664062,234.1094970703125
2016-05-18 18:00:00,178.33333333333334,75.93384403670188,168.35240535942071,260.77096668213954,63.00015487162568,154.822368092551,246.6445813134763,70.20676651478523,161.85898094360323,253.51119537242124,84.46055603027344,131.81179809570312,222.41610717773438
2016-05-18 19:00:00,143.33333333333334,35.36463424012065,114.32491072270172,193.2851872052828,30.556097869083118,109.45883931332268,188.36158075756225,31.319866554183932,110.17969009930667,189.0395136444294,89.48321533203125,116.8238525390625,169.69451904296875
2016-05-18 20:00:00,223.33333333333331,22.783177533171354,107.42874340105156,192.07430926893176,16.028531381215302,100.54922527221429,185.06991916321329,15.881826445299893,100.34048161251607,184.79913677973224,77.14591979980469,97.71582794189453,135.25234985351562
2016-05-18 21:00:00,81.66666666666667,-14.241761356446034,73.6212755960338,161.48431254851363,-22.42620254856412,65.20767321842412,152.84154898541237,-23.046683992160325,64.49953705514324,152.0457581024468,57.27096176147461,65.49044799804688,81.79829406738281
2016-05-18 22:00:00,51.66666666666666,-33.15046772322316,56.57756696972014,146.30560166266343,-42.43238696864749,46.968724996041985,136.36983696073145,-44.797701845101884,44.49276975225547,133.7832413496128,52.46940231323242,57.002742767333984,64.19114685058594
2016-05-18 23:00:00,56.66666666666666,-37.607488568383154,53.21519352287704,144.03787561413722,-47.73748668075127,42.67929255822441,133.0960717972001,-50.42687948626799,39.86117984148848,130.14923916924494,51.38483428955078,55.520843505859375,61.927757263183594
2016-05-19 00:00:00,51.66666666666666,-40.533860973207844,50.93578361560029,142.40542820440842,-44.25701210824708,46.74742821728634,137.75186854281975,-45.375395240199154,45.4870321323215,136.34945950484217,50.80066680908203,54.27220153808594,59.99597930908203
2016-05-19 01:00:00,51.66666666666666,-39.96150996644083,51.89202227972126,143.74555452588334,-44.19024479358011,47.155498031277254,138.50124085613461,-45.37594010014532,45.81841777763949,137.0127756554243,50.903785705566406,54.75412368774414,60.21479415893555
2016-05-19 02:00:00,50.0,-40.37034533253729,51.711499726729336,143.79334478599597,-44.990248818099175,46.5541428543268,138.09853452675276,-47.207007716592955,44.17958090420076,135.56616952499448,50.47357177734375,54.779144287109375,59.917484283447266
2016-05-19 03:00:00,51.66666666666666,-41.60816250974339,50.60965315956917,142.82746882888173,-46.530821400163546,45.12933352966529,136.78948845949412,-48.89549784251137,42.60255239337328,134.10060262925793,49.09642028808594,53.08827590942383,58.52408981323242
2016-05-19 04:00:00,56.66666666666666,-40.74891705935279,51.54994020793657,143.84879747522592,-45.907655784671796,45.82000899713321,137.54767377893822,-47.6966919341685,43.86603257044982,135.42875707506812,48.872867584228516,53.20524978637695,62.10319519042969
2016-05-19 05:00:00,55.0,-32.456067337515975,59.891115572829065,152.2382984831741,-37.80519210897872,53.96185893230513,145.72890997358897,-39.448047779243716,52.152218375599965,143.75248453044364,50.971710205078125,59.640968322753906,82.77239990234375
2016-05-19 06:00:00,58.333333333333336,-24.180413822393888,68.19559414978062,160.57160212195512,-29.676934826953456,62.11310033017148,153.90313548729642,-31.804512822460524,59.81755034357572,151.43961350961195,52.07788848876953,65.65113830566406,110.84709167480469
2016-05-19 07:00:00,50.0,0.9078367981947508,93.30104111306618,185.6942454279376,-4.731409054201052,87.07204053678974,178.87549012778055,-6.988268168430224,84.64645225318611,176.28117267480246,52.42100524902344,72.29144287109375,140.56396484375
2016-05-19 08:00:00,53.333333333333336,16.692070414890665,109.09553468793223,201.49899896097378,10.974892361200048,102.78617178979796,194.59745121839586,9.085349567144064,100.72742048058097,192.36949139401787,52.639251708984375,74.60578918457031,162.0551300048828
2016-05-19 09:00:00,36.66666666666666,7.756734360151086,100.16632046117044,192.5759065621898,2.0356192197780842,93.85146904702836,185.66731887427864,0.31723581384424904,91.96357559923548,183.60991538462673,49.624752044677734,64.90465545654297,131.18626403808594
2016-05-19 10:00:00,55.0,18.29327247745458,110.70651143135855,203.11975038526253,12.529359707971452,104.34787742338854,196.16639513880563,11.766651621217932,103.41547066276917,195.0642897043204,49.9262580871582,62.89633560180664,122.06295776367188
2016-05-19 11:00:00,51.66666666666666,18.517986347860997,110.93340498058888,203.34882361331677,12.719539174913521,104.5396142477058,196.3596893204981,13.113352852950598,104.76361180791065,196.41387076287072,51.911094665527344,62.31897735595703,105.87299346923828
2016-05-19 12:00:00,55.0,16.69913073432795,109.11585001078694,201.53256928724593,10.829404323092078,102.65038849890743,194.47137267472277,10.259511218103,101.91060645985758,193.56170170161215,51.95016098022461,61.171539306640625,103.56150817871094
2016-05-19 13:00:00,50.0,17.150942094625222,109.56843748857855,201.98593288253187,11.273136018648543,103.09465088374037,194.9161657488322,7.511445446804032,99.16302639775353,190.81460734870302,52.28860855102539,61.61357879638672,97.45072174072266
2016-05-19 14:00:00,63.333333333333336,5.6871390898594,98.10509760890895,190.5230561279585,-0.20240115320638097,91.61942350271296,183.4412481586323,-7.01522844582378,84.63663460202173,176.28849764986722,55.06250762939453,63.93441390991211,97.51470184326172
2016-05-19 15:00:00,81.66666666666667,3.398842671171181,95.81707754516368,188.23531241915617,-2.4955514262706657,89.32645406886522,181.1484595640011,-7.38226870536235,84.26975818080588,175.9217850669741,55.758323669433594,65.32208251953125,104.39875793457031
2016-05-19 16:00:00,90.0,28.892633991025008,121.3110337540264,213.7294335170278,22.967665859309804,114.78977690042026,206.6118879415307,20.38957759819553,112.04169962105809,203.69382164392064,62.56499099731445,82.97002410888672,148.8850860595703
2016-05-19 17:00:00,208.33333333333331,91.17004223187197,183.58854027897178,276.00703832607155,85.16009739698713,176.98226993089722,268.8044424648073,79.03899083876729,170.69116799714305,262.3433451555188,100.1094970703125,172.2374725341797,281.960693359375
2016-05-19 18:00:00,120.0,78.07598456792634,170.49454085303972,262.9130971381531,72.20351629763442,164.02572431702288,255.84793233641133,66.0185552876676,157.67076400903554,249.32297273040348,91.62420654296875,157.1767120361328,269.90399169921875
2016-05-19 19:00:00,98.33333333333331,26.125203450526854,105.08547589889835,184.04574834726986,23.87551849993301,102.7782557549348,181.6809930099366,23.44568608514379,102.30550502590602,181.16532396666824,86.05082702636719,113.97032928466797,164.7085418701172
2016-05-19 20:00:00,118.33333333333331,21.50252835574088,106.14808991914468,190.79365148254848,18.471815684182403,102.99250510840588,187.51319453262937,20.534432074011733,104.99308233273408,189.45173259145642,79.62867736816406,101.83118438720703,139.59219360351562
2016-05-19 21:00:00,66.66666666666667,-20.050619346376365,67.81241314971369,155.67544564580373,-23.668322269526996,63.96554887800578,151.59942002553856,-21.96290269840955,65.58331327374091,153.12952924589138,58.47014617919922,66.93497467041016,83.90087127685547
2016-05-19 22:00:00,50.0,-38.276372864594784,51.45165728431784,141.17968743323047,-42.35427955185196,47.04682770714972,136.4479349661514,-41.3744821927197,47.915984235756085,137.20645066423185,52.641902923583984,58.1357307434082,65.44915771484375
2016-05-19 23:00:00,56.66666666666666,-41.30458083062832,49.51809666531559,140.3407741612595,-45.75668552488006,44.66008895900894,135.07686344289795,-44.26421573555241,46.02383836987097,136.31189247529437,50.758880615234375,55.23980712890625,62.42998123168945
2016-05-20 00:00:00,51.66666666666666,-43.499162080445046,47.97047788279119,139.44011784602742,-31.582701188538863,59.42173435338256,150.42616989530399,-30.515003504805833,60.34741861466088,151.2098407341276,50.8201789855957,54.75550842285156,60.36066818237305
2016-05-20 01:00:00,51.66666666666666,-42.32068059135852,49.532847011298294,141.3863746139551,-30.646571548725873,60.699166475972135,152.04490450067016,-29.046469122995816,62.147883483999834,153.34223609099547,50.72366714477539,55.50459289550781,60.249935150146484
2016-05-20 02:00:00,36.66666666666666,-42.335960284176934,49.745880120925435,141.8277205260278,-30.85819982946861,60.68618703317359,152.23057389581578,-29.494487698130733,61.89209564160907,153.27867898134886,50.554073333740234,55.28471755981445,61.05188751220703
2016-05-20 03:00:00,58.333333333333336,-42.94437171296583,49.27343929583684,141.4912503046395,-31.622791895098644,60.03735821934002,151.69750833377867,-30.31316028256262,61.184884666318396,152.6829296151994,49.884010314941406,53.577484130859375,60.85024642944336
2016-05-20 04:00:00,51.66666666666666,-41.493292537321146,50.805560065676964,143.10441266867508,-30.299019757723528,61.42864020542255,153.15630016856863,-28.00952178516556,63.55319742899755,155.11591664316066,49.08045196533203,52.73157501220703,65.1698989868164
2016-05-20 05:00:00,61.66666666666666,-33.69794685312934,58.64923139066987,150.99640963446907,-22.61791208470123,69.14913413601693,160.91618035673508,-20.89969530550721,70.70056555687799,162.3008264192632,49.26985549926758,55.4286994934082,83.66474914550781
2016-05-20 06:00:00,66.66666666666667,-25.481365813869488,66.89463749041451,159.27064079469852,-14.489401329765784,77.30062900568083,169.09065934112743,-13.946160491810446,77.67589738060428,169.297955253019,50.872169494628906,73.84089660644531,158.9310760498047
2016-05-20 07:00:00,80.0,-1.4977987028609192,90.89540094331787,183.28860058949664,9.4051615428925,101.20860631155568,193.01205108021887,10.513875209772479,102.14859033709199,193.7833054644115,57.5340461730957,110.7101058959961,286.2423400878906
2016-05-20 08:00:00,126.66666666666669,13.76297541238371,106.16643501625411,198.5698946201245,24.619997333917354,116.43127193980877,208.24254654570018,25.31372885217354,116.95579447092152,208.5978600896695,55.90900802612305,126.08113098144531,312.04156494140625
2016-05-20 09:00:00,73.33333333333333,4.1658167248628075,96.57539815642563,188.98497958798845,15.033735207706755,106.84958021202945,198.66542521635216,15.232105474500457,106.87843996497514,198.52477445544983,57.297935485839844,128.1560821533203,333.2845458984375
2016-05-20 10:00:00,81.66666666666667,15.624453491133522,108.03768777541089,200.45092205968825,26.474361177506225,118.29287406986688,210.11138696222753,27.70903824590293,119.35785199240559,211.00666573890823,57.56123733520508,120.85371398925781,326.2238464355469
2016-05-20 11:00:00,73.33333333333333,15.435065689322627,107.85047965232287,200.26589361532314,26.25793559151208,118.07800584117308,209.89807609083408,27.444851224280427,119.09510488411559,210.74535854395074,63.31587600708008,131.64349365234375,347.7934265136719
2016-05-20 12:00:00,71.66666666666667,14.224375395973894,106.64109000264607,199.05780460931823,24.992186685382208,116.81316603802364,208.63414539066508,27.146167763927608,118.79725771051393,210.44834765710027,61.677635192871094,129.1405029296875,352.999755859375
2016-05-20 13:00:00,61.66666666666666,13.741938887214872,106.15942961135036,198.57692033548585,24.495743955281952,116.31725399717925,208.13876403907653,28.732444111072212,120.3840197668323,212.0355954225924,60.1158561706543,118.43916320800781,323.9313049316406
2016-05-20 14:00:00,60.0,3.7417647199721387,96.15971856920976,188.57767241844738,14.490894929498253,106.31271476223628,198.1345345949743,20.131879673981274,111.78373742664971,203.43559517931814,57.43377685546875,109.67569732666016,318.1627197265625
2016-05-20 15:00:00,46.66666666666666,2.698980729455144,95.11721093381806,187.53544113818097,13.448965562376642,105.2709662345268,197.09296690667696,19.622799130956082,111.27482072214107,202.92684231332606,58.59242248535156,107.74479675292969,305.96502685546875
2016-05-20 16:00:00,48.333333333333336,27.196986606832866,119.6153817018492,212.03377679686554,37.91784954457566,129.73995576444753,221.5620619843194,43.317638587404105,134.96975531703623,226.62187204666836,65.10408782958984,121.2590560913086,305.08172607421875
2016-05-20 17:00:00,75.0,94.07102136480079,186.489514753992,278.9080081431832,104.74103266283939,196.56320038650534,288.38536811017127,109.07368448038221,200.7258563563709,292.3780282323596,87.27507781982422,162.74005126953125,343.3781433105469
2016-05-20 18:00:00,78.33333333333333,74.6755115335474,167.09406320098265,259.5126148684179,85.4364842203145,177.25868747001925,269.08089071972404,88.08708311564172,179.73928659869165,271.3914900817416,88.20713806152344,159.11257934570312,316.410888671875
2016-05-20 19:00:00,65.0,-14.000607576111904,64.95966117433517,143.91992992478225,-9.279043796319229,69.62368961725208,148.5264230308234,-10.70949234474321,68.1503223701198,147.0101370849828,60.678138732910156,76.95299530029297,112.55681610107422
2016-05-20 20:00:00,70.0,-10.223436805091367,74.42212081265015,159.06767843039165,-3.7060025109552726,80.81468281734223,165.33536814563973,-6.900496532399828,77.55814922128853,162.0167949749769,59.17330551147461,76.22077178955078,107.60105895996094
2016-05-20 21:00:00,65.0,-43.62371960389279,44.23930880728482,132.10233721846242,-35.74220537531707,51.89166153628585,139.52552844788877,-39.61204187645199,47.934169437703964,135.4803807518599,52.685874938964844,63.160888671875,78.47390747070312
2016-05-20 22:00:00,53.333333333333336,-56.30252529823876,33.42550068542607,123.15352666909091,-47.46918612761903,41.93191681637979,131.33301976037862,-51.4380216059081,37.85244007854883,127.14290176300577,47.63121032714844,54.439964294433594,62.1583137512207
2016-05-20 23:00:00,45.0,-54.85027464924431,35.97239863444133,126.79507191812698,-45.360417878030674,45.05635224555786,135.47312236914638,-49.58923576164608,40.69881355070042,130.98686286304692,46.28471374511719,52.260581970214844,59.80562973022461
2016-05-21 00:00:00,48.333333333333336,-54.040692290306716,37.42894343293768,128.89857915618208,-53.20446203807588,37.79996911738805,128.80440027285198,-56.65043872393896,34.21197857425514,125.07439587244924,46.283226013183594,52.13125991821289,58.78208923339844
2016-05-21 01:00:00,51.66666666666666,-50.494518530183356,41.359004816043125,133.21252816226962,-49.35020756687935,41.995526056187614,133.34125967925456,-51.27673410401529,39.917613665430295,131.11196143487587,46.17121505737305,52.2234001159668,58.39253234863281
2016-05-21 02:00:00,56.66666666666666,-49.556439509335114,42.52539662956644,134.60723276846798,-48.21060327072232,43.33377918146346,134.87816163364926,-49.67375874708156,41.71281974568719,133.09939823845593,45.61394119262695,51.52375411987305,57.867923736572266
2016-05-21 03:00:00,48.333333333333336,-47.35071641628579,44.867090320499386,137.08489705728456,-45.86751603173266,45.792629667108656,137.45277536594998,-47.0037919916447,44.49424810480455,135.99228820125379,46.14493179321289,51.293601989746094,58.09423065185547
2016-05-21 04:00:00,56.66666666666666,-45.37098911862634,46.92785920888814,139.2267075364026,-43.808400538008954,47.91925500654243,139.6469105510938,-45.00907705955264,46.553637299010845,138.11635165757434,46.37376022338867,51.870418548583984,57.661720275878906
2016-05-21 05:00:00,51.66666666666666,-36.3727589785368,55.974414987712144,148.32158895396108,-34.76915534152998,56.997886458845045,148.76492825922008,-36.07195199039363,55.52830401455331,147.12856001950024,46.41630554199219,52.259761810302734,62.29775619506836
2016-05-21 06:00:00,60.0,-27.589919893718672,64.78607913178242,157.1620781572835,-25.964918006499758,65.82510790758349,157.61513382166675,-26.50638098444074,65.11567202946829,156.7377250433773,46.78364944458008,53.986846923828125,73.73607635498047
2016-05-21 07:00:00,56.66666666666666,-3.089752916641956,89.30344245001864,181.69663781667924,-1.4659051988472527,90.33753514785715,182.14097549456156,-2.1494289510136326,89.48528131718038,181.1199915853744,48.0852165222168,66.09002685546875,122.64779663085938
2016-05-21 08:00:00,208.33333333333331,14.814888272581015,107.21834359649463,199.62179892040825,16.457596024153204,108.2688662077384,200.0801363913236,15.4784155440706,107.1204763033332,198.7625370625958,50.431575775146484,86.04376220703125,195.62643432617188
2016-05-21 09:00:00,310.0,2.8958465732658567,95.3054237246103,187.71500087595476,4.579644511721781,96.39548509353556,188.21132567534931,3.8446088017974063,95.49093843257782,187.13726806335825,52.30826950073242,86.89585876464844,210.93365478515625
2016-05-21 10:00:00,383.3333333333333,14.250276409435713,106.66350641333884,199.07673641724196,15.939009050802824,107.7575175205364,199.57602599026995,16.224915660024934,107.87372454671214,199.52253343339936,52.44999313354492,91.03836059570312,240.807373046875
2016-05-21 11:00:00,431.6666666666667,13.793464431312657,106.20887411384604,198.62428379637942,15.473217027755865,107.29328285472116,199.11334868168643,16.967933700720636,108.61818250067029,200.26843130061994,57.855125427246094,98.0366439819336,278.8872985839844
2016-05-21 12:00:00,228.33333333333331,12.600883082305515,105.0175934084566,197.43430373460768,14.237831467895589,106.05880639780219,197.87978132770877,16.387865582876614,108.03895066953766,199.6900357561987,56.46603775024414,88.84686279296875,245.86129760742188
2016-05-21 13:00:00,343.3333333333333,11.718312067480724,104.13579851106668,196.55328495465264,13.349388421433758,105.17089404057728,196.9923996597208,15.391572434243756,107.04314323005917,198.6947140258746,56.9429817199707,84.10711669921875,219.90130615234375
2016-05-21 14:00:00,303.3333333333333,1.8438379940293004,94.26178756272282,186.67973713141635,3.468410242745577,95.29022565274198,187.1120410627384,4.645726485506074,96.29757937824112,187.94943227097616,54.89009094238281,79.27767944335938,200.78118896484375
2016-05-21 15:00:00,361.6666666666667,-0.31981212553975524,92.09841379844615,184.51663972243205,1.2990968669874832,93.12109311657535,184.94308936616324,0.9542967569776977,92.6063134884072,184.2583302198367,53.46379470825195,75.482666015625,198.30609130859375
2016-05-21 16:00:00,100.0,23.11696757403226,115.53535839017903,207.9537492063258,24.7113125118682,116.53341431077985,208.3555161096915,22.641927496389002,114.29403936787438,205.94615123935975,53.95033264160156,80.52860260009766,213.28732299804688
2016-05-21 17:00:00,95.0,86.39856348158548,178.81705260114364,271.2355417207018,87.91828188153178,179.74044519431916,271.5626085071066,86.02888162558078,177.6810486533748,269.33321568116884,58.230712890625,95.93992614746094,252.63458251953125
2016-05-21 18:00:00,125.0,69.92051105167839,162.3390584863574,254.75760592103643,71.55765952337255,163.37985839939162,255.2020572754107,71.0744009180085,162.72659959331043,254.37879826861234,60.15264129638672,101.0531234741211,246.60568237304688
2016-05-21 19:00:00,108.33333333333331,20.59971288174019,99.55997824251514,178.5202436032901,20.879871187446156,99.78260107851723,178.6853309695883,21.161025080124375,100.02083591644049,178.8806467527566,74.44100189208984,95.97618103027344,152.26583862304688
2016-05-21 20:00:00,95.0,15.842098775103679,100.48765277608612,185.13320677706855,16.488538800536134,101.00922037296704,185.52990194539794,14.306005460259058,98.76464707920951,183.22328869815996,70.01739501953125,87.70425415039062,126.72370147705078
2016-05-21 21:00:00,135.0,-21.712190722807733,66.15083394396827,154.01385861074425,-20.707059077381444,66.92680394997467,154.56066697733078,-24.183399110776804,63.362807928253446,150.9090149672837,60.320220947265625,71.52243041992188,92.72089385986328
2016-05-21 22:00:00,73.33333333333333,-39.114732285317665,50.61328988030686,140.34131204593137,-37.87679593109756,51.52430305614635,140.92540204339025,-41.413020126395025,47.877437203982666,137.16789453436036,54.29124069213867,60.178123474121094,71.38257598876953
2016-05-21 23:00:00,148.33333333333334,-42.141696372717796,48.68097304983571,139.5036424723892,-40.758145113703975,49.658621011592814,140.07538713688962,-44.517173625194076,45.770871288047545,136.05891620128915,50.92277526855469,56.112064361572266,63.13629913330078
2016-05-22 00:00:00,60.0,-43.93727524615494,47.532356590535585,139.0019884272261,-40.971519026935965,50.032908106250844,141.03733523943765,-45.45270388560527,45.40970898760579,136.27212186081684,50.228233337402344,54.926116943359375,60.501548767089844
2016-05-22 01:00:00,56.66666666666666,-42.55567860014223,49.29784084446217,141.1513602890666,-39.52556776628245,51.820161820593626,143.1658914074697,-43.38117908991841,47.813164239604625,139.00750756912765,51.06768035888672,55.368919372558594,59.99634552001953
2016-05-22 02:00:00,51.66666666666666,-42.74196041542754,49.33987181289589,141.42170404121933,-39.67087491935943,51.8735034885428,143.41788189644504,-43.688193701407315,47.69838034279225,139.0849543869918,49.35362243652344,54.27275085449219,58.581993103027344
2016-05-22 03:00:00,53.333333333333336,-42.937116734139416,49.28068608673585,141.49848890761112,-39.85070094824558,51.80944070159807,143.46958235144172,-45.23107789578317,46.266957747085044,137.76499338995325,48.80733871459961,52.92898178100586,57.66815185546875
2016-05-22 04:00:00,55.0,-41.39443567398261,50.904408734444715,143.20325314287203,-38.29823583115811,53.42941566164711,145.15706715445233,-42.63572002604375,48.92698987603122,140.4896997781062,48.21931457519531,52.14533233642578,57.48822784423828
2016-05-22 05:00:00,50.0,-34.09502388039602,58.2521461648714,150.59931621013882,-31.008117062502635,60.758920684522906,152.52595843154845,-34.988744923468516,56.611506623302404,148.21175817007332,47.94879913330078,52.05934524536133,60.755821228027344
2016-05-22 06:00:00,58.333333333333336,-25.8703688837836,66.50562621960611,158.88162132299584,-22.789801443685803,69.00022041611243,160.79024227591066,-28.079157555267585,63.542890999485735,155.16493955423906,48.01975631713867,53.1562385559082,68.2754135131836
2016-05-22 07:00:00,63.333333333333336,-3.3745746853977323,89.01861675847752,181.41180820235277,-0.3128182580611707,91.49061803381227,183.2940543256857,-3.87618090063566,87.75852490783379,179.39323071630324,51.04789352416992,64.4964599609375,115.68167114257812
2016-05-22 08:00:00,190.0,22.06189569331795,114.46534709404416,206.86879849477037,25.148598015241063,116.95986414367667,208.77113027211226,21.506379332441753,113.14843563164948,204.7904919308572,60.70126724243164,99.8857650756836,230.49688720703125
2016-05-22 09:00:00,113.33333333333331,17.94501825216939,110.35459148008667,202.76416470800393,21.10504215379561,112.92087868027392,204.73671520675222,17.28404594567087,108.93037111620467,200.57669628673847,60.49876403808594,112.319580078125,269.5308837890625
2016-05-22 10:00:00,201.66666666666663,33.08331816183336,125.49654424216641,217.90977032249947,36.26095333638649,128.07945775067626,219.89796216496603,32.65666436301895,124.30546878934834,215.95427321567774,60.48755645751953,117.981201171875,294.1756591796875
2016-05-22 11:00:00,343.3333333333333,35.723528084624874,128.1389338435033,220.55433960238173,38.90656957433167,130.72663134579022,222.54669311724876,37.24916493193835,128.8994092714659,220.54965361099346,56.4431037902832,90.44850158691406,261.60601806640625
2016-05-22 12:00:00,126.66666666666669,21.57099068825552,113.98769709070193,206.40440349314832,24.676362553097007,116.49733342746103,208.31830430182504,25.552598982775308,117.20367960897775,208.8547602351802,55.71578598022461,80.33796691894531,216.03668212890625
2016-05-22 13:00:00,103.33333333333331,28.140840042345317,120.55832256220054,212.97580508205579,31.26966079987622,123.0911623634598,214.91266392704338,31.803003627802397,123.45456996314138,215.10613629848035,55.59349060058594,74.55934143066406,183.2423095703125
2016-05-22 14:00:00,106.66666666666669,16.10376863557927,108.521714280547,200.93965992551472,19.220636640765107,111.04244799521268,202.86425934966024,21.118339183195957,112.77018761546498,204.422036047734,54.902870178222656,71.88451385498047,162.50759887695312
2016-05-22 15:00:00,96.66666666666669,17.957453532465607,110.37567553287892,202.79389753329224,21.087927439590885,112.9099196337944,204.73191182799792,24.067295828745543,115.71930809987228,207.371320370999,55.229549407958984,73.10060119628906,164.36203002929688
2016-05-22 16:00:00,88.33333333333333,23.693257162026384,116.11164405598234,208.5300309499383,26.755464265650474,118.57756201064682,210.39965975564314,29.4057340732424,121.05784148590152,212.70994889856064,58.04458236694336,81.57470703125,187.1459197998047
2016-05-22 17:00:00,265.0,83.36847636206289,175.7869615678968,268.2054467737307,86.36200713593638,178.1841664040531,270.0063256721698,87.55098268195499,179.20314526005677,270.8553078381585,64.28955841064453,108.09571075439453,251.06910705566406
2016-05-22 18:00:00,120.0,69.40063802362245,161.81918157837998,254.23772513313753,72.51063079502157,164.33282566047487,256.1550205259282,72.78482892788188,164.4370231906136,256.0892174533453,67.54351043701172,113.04597473144531,242.12477111816406
2016-05-22 19:00:00,96.66666666666669,35.3078342696988,114.26809652335804,193.22835877701726,36.17536178303398,115.07808844405564,193.98081510507728,34.80241787361764,113.66222515018748,192.52203242675733,82.05967712402344,111.40194702148438,179.93423461914062
2016-05-22 20:00:00,116.66666666666669,26.504084114901303,111.1496348006106,195.7951854863199,27.82526992787733,112.34594805626737,196.86662618465743,27.536519818641082,111.99515764271203,196.453795466783,76.73930358886719,102.95023345947266,161.04049682617188
2016-05-22 21:00:00,88.33333333333333,-9.30220779726642,78.5608134372339,166.42383467173423,-7.523947368030633,80.10991209756293,167.74377156315649,-5.947492965928632,81.5987101493736,169.14491326467584,66.74172973632812,84.1437759399414,125.36129760742188
2016-05-22 22:00:00,78.33333333333333,-31.539054519536464,58.18896414631203,147.91698281216054,-29.443619466368034,59.957475892625155,149.35857125161834,-28.622343778405778,60.66810955578002,149.95856288996583,56.404937744140625,65.74053192138672,87.63114166259766
2016-05-22 23:00:00,60.0,-30.953186161018152,59.86947972225954,150.69214560553723,-28.6053775010012,61.811384957956534,152.22814741691428,-29.69501662857023,60.59302424715476,150.88106512287976,54.593772888183594,62.41549301147461,74.84968566894531
2016-05-23 00:00:00,58.333333333333336,-39.46870446208073,52.00092381203135,143.47055208614344,-27.073393249803047,63.93103019505071,154.93545363990447,-29.539332133327427,61.32307667861593,152.18548549055927,52.835269927978516,59.8697624206543,70.2921371459961
2016-05-23 01:00:00,51.66666666666666,-39.284142550355085,52.569373317858705,144.4228891860725,-26.754889399739227,64.59083648604518,155.93656237182958,-29.03058040406136,62.16375885048242,153.3580981050262,52.55554962158203,58.30228042602539,67.86463165283203
2016-05-23 02:00:00,58.333333333333336,-40.54364530794297,51.53818333578036,143.6200119795037,-27.914545697041135,63.62982900234867,155.17420370173846,-29.64913630458893,61.737433656695465,153.12400361797987,50.61096954345703,57.51491165161133,66.09806060791016
2016-05-23 03:00:00,51.66666666666666,-40.957361666424546,51.260437564963254,143.47823679635104,-28.256349018830292,63.403788918178165,155.06392685518662,-29.635644749470842,61.86238680588231,153.36041836123547,49.3679084777832,55.486392974853516,65.40248107910156
2016-05-23 04:00:00,50.0,-39.93978563236903,52.35905518365848,144.657895999686,-27.186592394158907,64.5410553832908,156.2687031607405,-29.200965783973942,62.36174002791748,153.9244458398089,49.28581237792969,56.80366516113281,70.81498718261719
2016-05-23 05:00:00,66.66666666666667,-33.46543031842573,58.881736132705385,151.2289025838365,-20.681170578117815,71.08586345208205,162.85289748228192,-22.75457419834858,68.84567325668999,160.44592071172855,49.76205825805664,59.53569030761719,81.960693359375
2016-05-23 06:00:00,60.0,-25.468515077379493,66.90747643083827,159.28346793905604,-12.658968268984282,79.13104987313042,170.9210680152451,-15.328809209097471,76.29323525302429,167.91527971514606,49.749664306640625,59.427146911621094,91.09405517578125
2016-05-23 07:00:00,56.66666666666666,-3.7225941591265865,88.67059368895892,181.0637815370444,9.100970526924627,100.9044031006139,192.70783567430317,4.903643936610067,96.5383456519259,188.17304736724174,49.878089904785156,64.21208953857422,122.19316101074219
2016-05-23 08:00:00,51.66666666666666,25.36303131421637,117.76647911878428,210.1699269233522,38.204833590058996,130.0160960000183,221.82735840997762,33.62140007146688,125.26345227721782,216.90550448296875,50.06892776489258,70.89141082763672,165.158203125
2016-05-23 09:00:00,55.0,14.315847427485181,106.72541705902437,199.13498669056355,27.191980633497778,119.0078134413293,210.82364624916084,23.865290825353853,115.51161190225488,207.15793297915593,51.456443786621094,71.80374145507812,176.48953247070312
2016-05-23 10:00:00,51.66666666666666,32.802820816378016,125.21604330020199,217.62926578402596,45.70277234558952,137.52127304113316,229.3397737366768,43.670261902247674,135.31906223484225,226.96786256743684,53.058597564697266,80.98199462890625,212.14938354492188
2016-05-23 11:00:00,56.66666666666666,43.254103562557034,135.66950572484856,228.0849078871401,56.18100220266055,148.00106025531528,239.82111830797,56.4677520898541,148.11799233558784,239.76823258132157,57.81211471557617,83.44711303710938,225.0386199951172
2016-05-23 12:00:00,61.66666666666666,20.14900853790516,112.5657113437191,204.98241414953304,33.041303510001114,124.86227066552841,216.6832378210557,35.97723159701816,127.62830812939325,219.27938466176835,59.08662033081055,82.84004211425781,217.1143341064453
2016-05-23 13:00:00,56.66666666666666,22.511036969901582,114.92851589310044,207.3459948162993,35.38739809357418,127.20889593830513,219.0303937830361,39.34601972329368,130.997581964789,222.6491442062843,61.69544219970703,84.8282470703125,207.90435791015625
2016-05-23 14:00:00,58.333333333333336,12.006504887106857,104.42444693542281,196.84238898373877,24.890848961345014,116.71265659695015,208.5344642325553,30.789311966937504,122.44115630537235,214.0930006438072,62.43887710571289,84.53459930419922,191.28411865234375
2016-05-23 15:00:00,73.33333333333333,11.901989431300152,104.3202078352021,196.73842623910406,24.7810578073329,116.6030462828448,208.4250347583567,32.448193518730164,124.10020169617258,215.752209873615,62.33710479736328,83.89179992675781,179.45834350585938
2016-05-23 16:00:00,156.66666666666666,22.32540181487191,114.74378511358307,207.16216841229425,35.23917645411329,127.06127048176509,218.88336450941688,43.93152549767554,135.58362881800548,227.23573213833544,67.40377807617188,92.65740966796875,199.31304931640625
2016-05-23 17:00:00,380.0,90.77298180986912,183.19146342821904,275.60994504656895,103.67090104192845,195.49305660117767,287.3152121604269,112.83980342019137,204.4919619143472,296.144120408503,112.8192367553711,190.38795471191406,342.51507568359375
2016-05-23 18:00:00,123.33333333333331,67.55048339214595,159.9690233904045,252.387563388663,80.52060739623296,172.34279858409215,264.16498977195135,88.7882118741883,180.44040208704473,272.0925922999012,86.61279296875,133.88380432128906,269.67340087890625
2016-05-23 19:00:00,120.0,55.046419778974,134.00667918452012,212.96693859006626,59.23732376404725,138.1400474631895,217.04277116233175,60.177949210535644,139.0377532199551,217.89755722937457,87.32540130615234,109.10982513427734,153.18463134765625
2016-05-23 20:00:00,105.0,43.20806277258279,127.85361041937307,212.49915806616335,49.22973432877917,133.75040929906464,218.27108426935013,50.143768335458375,134.60240267657267,219.06103701768694,80.58732604980469,99.26030731201172,134.7998046875
2016-05-23 21:00:00,68.33333333333333,2.5084175957115207,90.37143568404336,178.23445377237522,10.044352177955929,97.67820837749693,185.31206457703792,10.212975994177896,97.75917550826573,185.30537502235356,58.108211517333984,65.89451599121094,79.60551452636719
2016-05-23 22:00:00,63.333333333333336,-21.01972956712453,68.7082858906818,158.43630134848812,-12.288831604681405,77.11226042729106,166.51335245926353,-14.27434742202793,75.0161022444358,164.30655191089954,54.29977035522461,58.75908279418945,67.685791015625
2016-05-23 23:00:00,58.333333333333336,-25.4147220001161,65.40794063891228,156.23060327794065,-15.781508070024628,74.63525102698631,165.05201012399726,-18.05504418155924,72.23299298851563,162.52103015859052,52.36330795288086,56.803314208984375,63.634029388427734
2016-05-24 00:00:00,50.0,-33.531166182289844,57.93845882621272,149.40808383471528,-40.98130793169034,50.023112131048606,141.02753219378755,-41.91218359275595,48.95022149173843,139.81262657623282,50.63823318481445,54.786827087402344,60.75445556640625
2016-05-24 01:00:00,56.66666666666666,-35.02200397847671,56.83150861146677,148.68502120141025,-41.912037606326024,49.43368488564421,140.77940737761446,-42.02371062370054,49.170624890809776,140.3649604053201,49.54853439331055,53.41457748413086,59.39495849609375
2016-05-24 02:00:00,55.0,-36.71170170850588,55.370123649422005,147.4519490073499,-43.16239849611583,48.38197280265513,139.92634410142608,-41.697382875810945,49.68918333815634,141.07574955212363,50.40478515625,54.65104293823242,59.87837219238281
2016-05-24 03:00:00,53.333333333333336,-38.34622359817116,53.8715723429412,146.08936828405356,-44.461317868864796,47.198816663560976,138.85895119598675,-43.5037973815434,47.99423042227085,139.4922582260851,48.48774719238281,52.718814849853516,58.02107238769531
2016-05-24 04:00:00,53.333333333333336,-38.11429190252582,54.184545620556634,146.4833831436391,-43.968412517011245,47.75923185354468,139.4868762241006,-43.76409404484232,47.79860801306105,139.3613100709644,48.31447219848633,52.612754821777344,62.06270217895508
2016-05-24 05:00:00,106.66666666666669,-31.21630751111595,61.13085564547841,153.47801880207277,-36.86765874261364,54.89937187934433,146.6664025013023,-37.06412224107379,54.536121458555215,146.13636515818422,54.39666748046875,65.27323913574219,95.7834701538086
2016-05-24 06:00:00,71.66666666666667,-24.51604098843977,67.8599472242919,160.23593543702356,-30.014876103464836,61.77513862962136,153.56515336270755,-29.11529598456808,62.50674472131887,154.1287854272058,54.18309783935547,67.30230712890625,110.4005126953125
2016-05-24 07:00:00,161.66666666666666,-4.289045723540966,88.10413882849213,180.49732338052522,-9.669867909464031,82.13356125473769,173.9369904189394,-7.428534688480852,84.20616327012097,175.8408612287228,53.869232177734375,66.73448181152344,117.39834594726562
2016-05-24 08:00:00,56.66666666666666,20.374801399898615,112.77824590807631,205.181690416254,15.049927901820482,106.8611869020243,198.6724459022281,16.98069375033799,108.6227421990967,200.26479064785542,49.85730743408203,59.41948699951172,104.62076568603516
2016-05-24 09:00:00,38.333333333333336,11.45027337926247,103.85983971420995,196.26940604915745,6.249194276412638,98.0650236743324,189.88085307225214,7.662628000990026,99.30894532073731,190.9552626404846,46.996891021728516,52.864295959472656,90.3827133178711
2016-05-24 10:00:00,66.66666666666667,26.961474567066958,119.37469375417919,211.78791294129144,21.803272760489165,113.62177004602991,205.44026733157065,23.644945143857413,115.29374171920458,206.94253829455175,46.60444259643555,51.966304779052734,85.46943664550781
2016-05-24 11:00:00,101.66666666666669,34.22084590455478,126.63624477006324,219.0516436355717,29.078248397867995,120.89830304046694,212.7183576830659,31.103687464858737,122.7539239532909,214.40416044172304,49.456947326660156,54.92727279663086,82.90562438964844
2016-05-24 12:00:00,128.33333333333334,16.877954169986012,109.2946536789751,201.71135318796416,11.81021220834866,103.63117595379003,195.4521396992314,13.98735028695664,105.63842306199938,197.28949583704213,48.4962043762207,54.647682189941406,87.09202575683594
2016-05-24 13:00:00,118.33333333333331,19.25171257167908,111.66918819803118,204.08666382438327,14.201041005791197,106.02253544042163,197.84402987505206,18.742516570865348,110.39407505501332,202.0456335391613,49.13761901855469,55.17914962768555,87.85325622558594
2016-05-24 14:00:00,150.0,9.185331287537835,101.60327003901119,194.02120879048454,4.158593179118299,95.98039740463227,187.80220163014624,10.288020479647486,101.93986106074374,193.59170164184,50.873592376708984,55.91627502441406,87.16085815429688
2016-05-24 15:00:00,141.66666666666666,10.21252964525172,102.63074475243978,195.04895985962784,5.202268990694151,97.02425405625317,188.84623912181218,10.404243028055944,102.0562474482973,193.70825186853864,50.7564811706543,57.449378967285156,97.49726104736328
2016-05-24 16:00:00,141.66666666666666,25.633151608669635,118.05153161182793,210.46991161498622,20.688989652763652,112.5110802716978,204.33317089063195,25.73559171587212,117.38769128024474,209.03979084461736,55.48478317260742,71.55162048339844,148.64730834960938
2016-05-24 17:00:00,203.33333333333331,101.63288226364782,194.0513605935587,286.46983892346964,96.67291333065239,188.4950654889572,280.31721764726205,101.84212346921208,193.49427821510474,285.1464329609974,97.76488494873047,176.00857543945312,312.50970458984375
2016-05-24 18:00:00,136.66666666666666,66.11483249738455,158.5333692356062,250.95190597382782,61.23064851605014,153.05283633164183,244.87502414723352,67.71105973404906,159.36324622991248,251.0154327257759,76.06101989746094,123.79518127441406,245.42337036132812
2016-05-24 19:00:00,123.33333333333331,35.052674601070535,114.01293139591584,192.97318819076116,32.90572434297627,111.8084453261443,190.71116630931232,36.3348191490942,115.19462015990855,194.0544211707229,90.10891723632812,114.8251724243164,164.51646423339844
2016-05-24 20:00:00,96.66666666666669,26.629170387308235,111.27471524849693,195.92026010968561,23.76657493320846,108.28724700758578,192.8079190819631,26.29992282853904,110.75855397298021,195.21718511742137,80.35591125488281,101.94668579101562,143.26904296875
2016-05-24 21:00:00,76.66666666666667,-10.715198960047346,77.14781624437349,165.0108314487943,-14.044451387535219,73.5894018171118,161.22325502175883,-12.044378043777797,75.50181816509941,163.04801437397663,58.324466705322266,69.11767578125,91.91622161865234
2016-05-24 22:00:00,61.66666666666666,-30.729208092662432,58.99880442451685,148.72681694169614,-34.405940142887374,54.99514883828475,144.39623781945687,-32.5751670166159,56.71527928359617,146.00572558380824,52.67042922973633,59.21018600463867,72.20086669921875
2016-05-24 23:00:00,58.333333333333336,-32.831840327911,57.990819337301325,148.81347900251365,-36.80085870220808,53.61589731197612,144.03265332616033,-37.85446987102584,52.433563897986886,142.72159766699963,50.58311080932617,56.35828399658203,66.04095458984375
2016-05-25 00:00:00,53.333333333333336,-39.51359736695386,51.95602464815299,143.42564666325984,-51.74686285348476,39.257554107933856,130.26197106935246,-53.821965414779584,37.04043624864556,127.90283791207071,49.206661224365234,54.500732421875,62.268978118896484
2016-05-25 01:00:00,53.333333333333336,-39.149708711667266,52.70380087327508,144.55731045821742,-51.54831332036133,39.797406059560544,131.14312543948242,-53.91244031871847,37.28189176317248,128.47622384506343,48.18674087524414,53.45623779296875,61.13463592529297
2016-05-25 02:00:00,56.66666666666666,-40.06127086783661,52.02055147819226,144.10237382422113,-52.591694628356365,38.952673552126484,130.49704173260932,-54.980095887448044,36.40646688721493,127.79302966187791,48.80425262451172,54.050819396972656,61.52267837524414
2016-05-25 03:00:00,48.333333333333336,-40.855632348595414,51.36216057651142,143.57995350161826,-53.490849186650294,38.169282223852605,129.8294136343555,-55.162812874223555,36.3352114864116,127.83323584704675,47.559207916259766,52.693504333496094,61.06767654418945
2016-05-25 04:00:00,55.0,-40.02846543552625,52.270369069103616,144.5692035737335,-52.74649488529302,38.98114636122088,130.7087876077348,-54.18705821765958,37.37564039481683,128.93833900729322,48.142005920410156,53.570125579833984,68.93905639648438
2016-05-25 05:00:00,55.0,-29.94419477333396,62.40296536334877,154.75012550003152,-42.72221806917048,49.04480942750925,140.81183692418898,-44.37466497920042,47.22557527369699,138.8258155265944,51.77395248413086,63.24848937988281,97.92071533203125
2016-05-25 06:00:00,55.0,-25.271904383245484,67.10408080870437,159.48006600065423,-38.10921680875907,53.680794798327554,145.47080640541418,-39.96156655616822,51.66047070222969,143.28250796062758,52.7666015625,69.73489379882812,129.46754455566406
2016-05-25 07:00:00,65.0,0.14431808553229075,92.53749961626447,184.93068114699665,-12.715015146838141,79.08841089094304,170.89183692872422,-14.705937793311861,76.92875671736111,168.56345122803407,52.65165328979492,75.82660675048828,158.0496063232422
2016-05-25 08:00:00,83.33333333333333,17.39640245083112,109.79984393739824,202.20328542396535,4.453821377517599,96.26507725105523,188.07633312459285,2.857875606592202,94.4999206071667,186.1419656077412,52.34247589111328,74.52739715576172,176.0078125
2016-05-25 09:00:00,90.0,7.775076615297607,100.18463992844983,192.59420324160203,-5.1506493320859335,86.66517693902429,178.48100321013453,-6.367130017355279,85.27918385405955,176.92549772547437,47.73819351196289,63.38337707519531,144.39312744140625
2016-05-25 10:00:00,78.33333333333333,24.617085668119273,117.03030183332619,209.4435179985331,11.667722625163094,103.48621678381079,195.30471094245848,10.057806447565028,101.70659957449374,193.35539270142243,48.85248947143555,65.49788665771484,149.38670349121094
2016-05-25 11:00:00,50.0,33.78001129499019,126.19540713852794,218.6108029820657,20.79413969315931,112.61419120881669,204.43424272447407,18.697791366081645,110.34802440604568,201.99825744600972,51.84207534790039,64.42646026611328,149.60971069335938
2016-05-25 12:00:00,60.0,18.837628349506602,111.25432483648669,203.6710213234668,5.878880769898785,97.69984138837093,189.52080200684307,4.271685313475956,95.92275464002235,187.57382396656874,52.073734283447266,64.89886474609375,157.5393524169922
2016-05-25 13:00:00,71.66666666666667,20.63590840107939,113.05338100540243,205.47085360972545,7.658908759585017,99.48040006723286,191.3018913748807,6.6824521618164,98.33400719745424,189.98556223309208,54.686790466308594,70.56538391113281,169.0260009765625
2016-05-25 14:00:00,80.0,13.018273740171594,105.43620946961974,197.8541451990679,0.0408515589336389,91.86265265747357,183.6844537560135,0.05713502231620282,91.70897215491036,183.3608092875045,56.088722229003906,75.79945373535156,172.70664978027344
2016-05-25 15:00:00,80.0,13.191815806266064,105.61002789154686,198.02823997682765,0.2020678051400182,92.0240497438518,183.8460316825636,0.3776087488163995,92.02960972068188,183.68161069254734,58.08404541015625,77.65048217773438,168.48947143554688
2016-05-25 16:00:00,231.66666666666663,26.236815574988498,118.65519255730376,211.07356953961903,13.265824660559005,105.0879121537786,196.9099996469982,11.35071784031011,103.00281395744837,194.6549100745866,65.36144256591797,91.94473266601562,188.72647094726562
2016-05-25 17:00:00,118.33333333333331,98.26121876577973,190.6796940813684,283.0981693969571,85.20504705524074,177.0271960949589,268.84934513467704,82.2981781053995,173.9503294111195,265.6024807168395,102.26365661621094,166.8070068359375,287.00225830078125
2016-05-25 18:00:00,156.66666666666666,65.41032527339884,157.8288590233328,250.24739277326677,52.49251302465406,144.31469774795508,236.13688247125611,50.566241725435674,142.21842480982627,233.87060789421687,88.40064239501953,140.63902282714844,257.9850158691406
2016-05-25 19:00:00,118.33333333333331,33.92023234038537,112.88048674215169,191.84074114391802,28.87656345810683,107.77928195078958,186.68200044347233,26.255765488150104,105.11556374683099,183.97536200551187,89.09691619873047,113.81543731689453,165.62570190429688
2016-05-25 20:00:00,190.0,24.59728702844592,109.24282933623414,193.88837164402236,17.629336504731697,102.15000592362848,186.67067534252527,15.04539321087833,99.50402142139828,183.96264963191823,79.15411376953125,99.99050903320312,138.95135498046875
2016-05-25 21:00:00,56.66666666666666,-11.515457933692034,76.34755462721374,164.2105671881195,-19.87393762652242,67.75991283187636,155.39376329027516,-20.982473747215295,66.56371942812444,154.10991260346418,57.803165435791016,66.12557983398438,83.37223815917969
2016-05-25 22:00:00,53.333333333333336,-31.387630697947323,58.340379123728574,148.06838894540448,-40.80852681288066,48.5925593707784,137.99364555443748,-41.19906182295109,48.09138138769975,137.3818245983506,53.498260498046875,57.88282775878906,66.46397399902344
2016-05-25 23:00:00,53.333333333333336,-33.38667807627214,57.43597886301435,148.25863580230083,-43.642345976134735,46.77440721116889,137.1911603984725,-43.79709113065874,46.49093951684348,136.7789701643457,51.84897994995117,55.482730865478516,61.27736282348633
2016-05-26 00:00:00,53.333333333333336,-39.82501886666254,51.64460040457093,143.1142196758044,-43.64298943408757,47.3614246834923,138.3658388010722,-45.023833543807925,45.83856497974415,136.70096350329624,50.78449249267578,53.776981353759766,58.607234954833984
2016-05-26 01:00:00,55.0,-39.532480654076835,52.321026176354096,144.17453300678503,-43.83794935401433,47.50776717223145,138.85348369847725,-45.628266500501155,45.566062430915935,136.76039136233302,51.15471267700195,54.34379959106445,58.9244499206543
2016-05-26 02:00:00,50.0,-40.09099590539344,51.99082367980114,144.07264326499572,-44.77222758446308,46.772137736621985,138.31650305770705,-46.88548825091942,44.50107136713423,135.88763098518788,50.34563446044922,54.28193664550781,58.685916900634766
2016-05-26 03:00:00,56.66666666666666,-41.292064634615414,50.92572552589293,143.14351568640126,-46.26705793870184,45.39307060907028,137.0531991568424,-48.357534504209895,43.14048669625964,134.63850789672918,48.30937576293945,51.945838928222656,56.94017028808594
2016-05-26 04:00:00,50.0,-40.0339526754791,52.264879062309134,144.56371080009737,-45.23428663745708,46.49335174438274,138.22099012622257,-47.56108888640996,44.00160656383777,135.5643020140855,48.70267105102539,52.48345184326172,62.10829544067383
2016-05-26 05:00:00,56.66666666666666,-31.462231857438823,60.88492551106488,153.23208287956857,-36.85111450728731,54.91591012358479,146.68293475445688,-39.91545467316333,51.68478241630795,143.28501950577922,52.37984085083008,61.50178146362305,86.27959442138672
2016-05-26 06:00:00,61.66666666666666,-26.229788875284214,66.14619354768894,158.5221759706621,-31.748470927098026,60.041537813519525,151.83154655413708,-34.775327542304865,56.84670655197175,148.46874064624836,51.85011291503906,64.58708190917969,108.20804595947266
2016-05-26 07:00:00,100.0,-3.1245679608757513,89.2686108004039,181.66178956168358,-8.757799768550399,83.04562340237572,174.84904657330185,-11.995098429641189,79.63959291650686,171.2742842626549,53.349056243896484,74.36168670654297,148.791259765625
2016-05-26 08:00:00,156.66666666666666,16.771883608691397,109.17532232552215,201.57876104235288,11.053296930805146,102.86454993726245,194.67580294371976,7.158684791780388,98.8007266275956,190.4427684634108,51.30908966064453,69.27976989746094,156.6417999267578
2016-05-26 09:00:00,276.6666666666667,8.380065280180503,100.78962582342709,193.19918636667367,2.6448560925050515,94.46067949640354,186.27650290030203,-1.6184823964504744,90.027828310069,181.67413901658847,47.82334518432617,60.531612396240234,129.35763549804688
2016-05-26 10:00:00,265.0,23.180150323195264,115.59336371839565,208.00657711359605,17.382452940794337,109.20094423215369,201.01943552351304,13.051745116151523,104.70053507810597,196.34932504006042,48.88256072998047,61.70845413208008,130.18411254882812
2016-05-26 11:00:00,243.33333333333331,29.42769400016691,121.8430870736382,214.25848014710948,23.55512262390613,115.37517127223067,207.19521992055522,19.08089202779192,110.73112190273608,202.38135177768024,50.54637908935547,57.97468185424805,119.08717346191406
2016-05-26 12:00:00,221.66666666666663,15.204326397147497,107.62102011402604,200.03771383090458,9.329539139453104,101.15049689056707,192.97145464168102,3.2470045647962564,94.89807072629684,186.54913688779743,49.9808349609375,57.96299362182617,128.31333923339844
2016-05-26 13:00:00,75.0,17.88099544205072,110.2984652762538,202.71593511045688,11.981467361127557,103.80295580140492,195.62444424168228,3.9642190743214627,95.61577094490087,187.26732281548027,50.47564697265625,61.171878814697266,129.87803649902344
2016-05-26 14:00:00,68.33333333333333,10.457563055199472,102.87549601453115,195.29342897386283,4.535821472263535,96.35761970344086,188.1794179346182,-2.3364631361843777,89.31537083135868,180.96720479890172,52.83791732788086,65.01217651367188,135.59043884277344
2016-05-26 15:00:00,61.66666666666666,10.800881202635097,103.21909051790759,195.63729983318007,4.862476731917752,96.68445580338323,188.5064348748487,-2.477450332283439,89.1745474746468,180.82654528157704,54.18583679199219,68.8958740234375,147.3130645751953
2016-05-26 16:00:00,495.0,32.926807294957314,125.34518150823979,217.76355572152227,27.032134112995323,118.85421874000724,210.67630336701916,16.756611319680857,108.40870427293156,200.06079722618227,60.96144104003906,90.89285278320312,195.85203552246094
2016-05-26 17:00:00,440.0,93.39513408390683,185.81360663644,278.23207918897316,87.38185107045635,179.20399725050294,271.0261434305495,77.04201281253877,168.69416096085249,260.3463091091662,92.33834838867188,159.88577270507812,281.422119140625
2016-05-26 18:00:00,215.0,65.77537205923136,158.19390306997414,250.61243408071692,59.9173852416603,151.73956712940253,243.56174901714476,51.09751782604131,142.74969777936641,234.4018777326915,84.48819732666016,130.09735107421875,235.74432373046875
2016-05-26 19:00:00,223.33333333333331,119.6382181656817,198.59847037385015,277.5587225820186,115.51293272229051,194.41564893125582,273.3183651402211,114.13801132736367,192.99780706012348,271.8576027928833,83.7305679321289,123.76522827148438,219.7935791015625
2016-05-26 20:00:00,91.66666666666669,96.10745461444561,180.75299458167845,265.3985345489113,90.80280844933246,175.32347543321498,259.8441424170975,89.46702772132797,173.92565323908116,258.38427875683436,75.39336395263672,102.0690689086914,166.60836791992188
2016-05-26 21:00:00,76.66666666666667,38.30161122199955,126.16462135974709,214.0276314974946,32.29670775019987,119.93055569035248,207.56440363050507,32.465259710723515,120.01145010186825,207.55764049301297,58.42397689819336,68.23818969726562,98.80923461914062
2016-05-26 22:00:00,70.0,7.678241437278302,97.40624878814128,187.13425613900426,1.2864347340606912,90.68751835246486,180.08860197086904,2.593431159648759,91.88387153468572,181.1743119097227,51.703556060791016,57.994483947753906,68.33146667480469
2016-05-26 23:00:00,65.0,-3.1889932366167244,87.6336612039703,178.45631564455732,-9.800471537174388,80.61627905794506,171.03302965306452,-9.096678400716598,81.19134938184858,171.47937716441376,49.70372009277344,54.51708221435547,63.205955505371094
2016-05-27 00:00:00,60.0,-16.210174894448485,75.25944186163404,166.7290586177166,-6.231699275285862,84.77271223455955,175.77712374440495,-7.24109658327049,83.62129905849122,174.48369470025293,49.78749465942383,53.92921829223633,60.95344924926758
2016-05-27 01:00:00,58.333333333333336,-21.19706651162167,70.65643779390705,162.50994209943576,-11.230924038965284,80.1147898705254,171.4605037800161,-12.854942186735542,78.33938385316178,169.5337098930591,50.27946090698242,55.22528076171875,60.90913391113281
2016-05-27 02:00:00,50.0,-26.26671320762982,65.8151038468667,157.89692090136322,-16.270662732886706,75.2736999661966,166.8180626652799,-18.21066598714218,73.17589073376053,164.56244745466324,49.49364471435547,54.43926239013672,61.850982666015625
2016-05-27 03:00:00,58.333333333333336,-30.02080717479452,62.19698045156532,154.41476807792515,-19.96753592288185,71.69258999983225,163.35271592254634,-21.38683537202597,70.11118292802863,161.60920122808324,48.07009506225586,52.42876052856445,62.36204147338867
2016-05-27 04:00:00,58.333333333333336,-31.851916010663558,60.44691319092007,152.7457423925037,-21.735623837193543,69.99201191780635,161.71964767280625,-22.60789135939035,68.95480118854893,160.5174937364882,46.888492584228516,51.49720001220703,68.1662368774414
2016-05-27 05:00:00,58.333333333333336,-25.13113860757572,67.21601622349743,159.5631710545706,-14.956092761626095,76.81092924136662,168.57795124435933,-17.442089021903016,74.15814516416083,165.7583793502247,46.76688003540039,53.365997314453125,86.90877532958984
2016-05-27 06:00:00,63.333333333333336,-21.278516482209227,71.0974634026022,163.47344328741363,-11.02911799886283,80.7608881132688,172.55089422540044,-13.664191551444105,77.95783963878705,169.5798708290182,49.13882064819336,66.5987319946289,144.2438507080078
2016-05-27 07:00:00,111.66666666666669,1.9295483481079003,94.32272457078967,186.71590079347146,12.23981173791283,104.04323227999909,195.84665282208533,9.003341538606179,100.63802998033827,192.27271842207037,58.50162887573242,112.39812469482422,297.4012756347656
2016-05-27 08:00:00,130.0,23.314853061253686,115.71828923922638,208.12172541719906,33.68506200441429,125.49631238182516,217.30756275923602,31.19849982911846,122.84053876030262,214.48257769148677,65.81169128417969,151.54835510253906,354.48809814453125
2016-05-27 09:00:00,251.66666666666663,22.084189374850794,114.49374737908414,206.9033053833175,32.56770589369697,124.38352666842849,216.19934744316,29.295633721057044,120.9419415228206,212.58824932458415,64.27816772460938,163.29039001464844,373.0760192871094
2016-05-27 10:00:00,251.66666666666663,35.23237607093604,127.64558692703073,220.05879778312544,45.75023970966426,137.56872837178642,229.3872170339086,41.11168505750477,132.76047211463086,224.40925917175696,62.80601501464844,169.87442016601562,373.7085876464844
2016-05-27 11:00:00,310.0,40.02539581052963,132.44078634484032,224.856176879151,50.55175366708663,142.3717996861332,234.19184570517973,45.710983209849175,137.3612101799231,229.011437149997,72.16837310791016,188.45538330078125,422.53302001953125
2016-05-27 12:00:00,185.0,24.508897521367288,116.92558869905304,209.3422798767388,35.08180172493529,126.90275684674802,218.72371196856074,28.872493615860037,120.52355687246661,212.1746201290732,68.51689910888672,167.66204833984375,416.94549560546875
2016-05-27 13:00:00,265.0,17.26867947151065,109.68614676650405,202.10361406149747,27.83319461683722,119.6546804278021,211.476166238767,22.22474510913173,113.87629407480551,205.5278430404793,64.16336822509766,152.9614715576172,384.8736877441406
2016-05-27 14:00:00,101.66666666666669,9.376572015126428,101.79450243525166,194.2124328553769,19.9526813790593,111.77447698093134,203.59627258280338,15.48591273103358,107.1377437936778,198.78957485632202,59.912147521972656,132.8346710205078,362.4370422363281
2016-05-27 15:00:00,76.66666666666667,9.1374585519047,101.55566532806985,193.973872104235,19.72739628549084,111.54937272775766,203.37134917002447,14.664352866400904,106.31634776853863,197.96834267067635,59.668949127197266,123.59512329101562,364.2967224121094
2016-05-27 16:00:00,135.0,54.560859422662645,146.979231097732,239.39760277280135,65.24995749665017,157.07203949541585,248.89412149418155,59.396505738977126,151.04859578839688,242.70068583781665,66.11005401611328,137.65956115722656,384.3575744628906
2016-05-27 17:00:00,180.0,111.2471649580336,203.66563497783267,296.08410499763175,121.88440251563324,213.706546073427,305.5286896312208,117.86187479588533,209.5140200463166,301.16616529674786,77.53399658203125,172.97537231445312,376.80316162109375
2016-05-27 18:00:00,430.0,69.64171806490906,162.06024656479275,254.47877506467643,80.38073950965348,172.20291879725374,264.025098084854,77.50797995195448,169.16015703157285,260.8123341111912,87.83509063720703,157.72518920898438,325.2730407714844
